call_id,caller_id,receiver_id,timestamp,duration_sec,tower_location_id,pattern_tag
C0001,P144,P010,2026-04-16 01:09:00,265,L007,background
C0002,P136,P086,2026-01-06 12:48:00,26,L016,background
C0003,P116,P110,2026-04-30 20:30:00,158,L016,background
C0004,P023,P096,2026-06-18 12:30:00,42,L005,background
C0005,P124,P089,2026-02-17 00:43:00,76,L019,background
C0006,P081,P114,2026-02-07 12:14:00,27,L011,background
C0007,P074,P142,2026-06-10 13:10:00,67,L004,background
C0008,P134,P148,2026-03-20 06:57:00,17,L002,background
C0009,P007,P032,2026-03-02 10:17:00,116,L011,background
C0010,P010,P041,2026-01-16 22:08:00,62,L001,background
C0011,P104,P025,2026-06-18 23:56:00,67,L015,background
C0012,P108,P020,2026-04-19 04:38:00,44,L003,background
C0013,P118,P017,2026-05-07 05:21:00,119,L010,background
C0014,P146,P048,2026-03-21 05:38:00,92,L013,background
C0015,P098,P043,2026-05-20 14:11:00,32,L008,background
C0016,P005,P033,2026-06-10 09:07:00,93,L003,background
C0017,P015,P012,2026-05-08 09:41:00,54,L001,background
C0018,P129,P049,2026-06-20 01:19:00,116,L020,background
C0019,P009,P109,2026-03-03 16:28:00,74,L008,background
C0020,P071,P094,2026-03-09 05:37:00,91,L014,background
C0021,P146,P128,2026-06-10 18:37:00,31,L003,background
C0022,P025,P074,2026-06-08 16:05:00,89,L015,background
C0023,P031,P146,2026-01-26 21:55:00,75,L014,background
C0024,P116,P107,2026-02-12 17:08:00,106,L016,background
C0025,P048,P121,2026-06-11 12:36:00,58,L017,background
C0026,P087,P029,2026-05-20 09:12:00,268,L015,background
C0027,P144,P054,2026-06-27 10:14:00,200,L002,background
C0028,P020,P130,2026-03-20 14:24:00,89,L014,background
C0029,P088,P148,2026-03-30 01:23:00,259,L017,background
C0030,P010,P057,2026-03-16 20:33:00,81,L009,background
C0031,P101,P007,2026-02-07 23:00:00,270,L012,background
C0032,P083,P079,2026-03-01 20:34:00,65,L018,background
C0033,P109,P059,2026-02-24 17:15:00,43,L010,background
C0034,P076,P133,2026-06-22 22:00:00,52,L010,background
C0035,P080,P092,2026-05-16 19:43:00,42,L004,background
C0036,P046,P073,2026-06-26 07:09:00,25,L005,background
C0037,P072,P125,2026-02-08 03:40:00,106,L020,background
C0038,P100,P051,2026-06-20 17:37:00,113,L015,background
C0039,P064,P088,2026-04-01 22:06:00,170,L018,background
C0040,P100,P105,2026-02-02 10:22:00,47,L011,background
C0041,P145,P144,2026-04-14 03:38:00,31,L009,background
C0042,P063,P083,2026-01-10 14:03:00,133,L003,background
C0043,P096,P114,2026-05-17 01:33:00,95,L003,background
C0044,P039,P082,2026-02-09 18:16:00,112,L002,background
C0045,P065,P103,2026-03-22 04:21:00,133,L009,background
C0046,P012,P131,2026-06-13 18:38:00,90,L004,background
C0047,P038,P043,2026-03-21 04:30:00,41,L013,background
C0048,P098,P051,2026-05-18 00:21:00,82,L007,background
C0049,P071,P025,2026-02-11 18:47:00,23,L006,background
C0050,P063,P062,2026-05-20 22:27:00,108,L004,background
C0051,P005,P122,2026-02-06 16:00:00,30,L015,background
C0052,P102,P058,2026-01-02 11:39:00,55,L014,background
C0053,P029,P035,2026-03-04 10:26:00,48,L004,background
C0054,P135,P013,2026-06-08 03:38:00,44,L017,background
C0055,P098,P011,2026-06-06 11:19:00,77,L004,background
C0056,P043,P141,2026-05-28 02:20:00,68,L013,background
C0057,P095,P024,2026-01-07 14:25:00,201,L017,background
C0058,P027,P029,2026-01-04 02:09:00,86,L005,background
C0059,P051,P005,2026-02-07 13:38:00,89,L007,background
C0060,P115,P046,2026-04-16 20:21:00,182,L001,background
C0061,P057,P098,2026-06-05 01:36:00,71,L008,background
C0062,P101,P036,2026-04-25 03:27:00,126,L019,background
C0063,P121,P145,2026-02-06 16:17:00,72,L016,background
C0064,P016,P128,2026-02-22 02:03:00,26,L008,background
C0065,P066,P127,2026-05-29 07:00:00,19,L005,background
C0066,P079,P041,2026-01-26 17:12:00,39,L006,background
C0067,P056,P030,2026-03-19 09:05:00,126,L016,background
C0068,P118,P145,2026-04-02 02:19:00,129,L003,background
C0069,P059,P052,2026-01-27 18:57:00,125,L016,background
C0070,P072,P090,2026-03-09 18:34:00,13,L014,background
C0071,P112,P044,2026-04-16 01:33:00,68,L002,background
C0072,P045,P015,2026-01-09 13:12:00,36,L014,background
C0073,P088,P032,2026-02-26 16:09:00,96,L006,background
C0074,P005,P140,2026-02-14 04:33:00,36,L014,background
C0075,P031,P094,2026-01-17 00:22:00,123,L011,background
C0076,P105,P058,2026-04-26 22:44:00,78,L015,background
C0077,P080,P021,2026-01-29 14:04:00,62,L018,background
C0078,P092,P114,2026-06-27 05:21:00,69,L020,background
C0079,P094,P146,2026-01-14 00:30:00,19,L007,background
C0080,P124,P091,2026-02-01 11:06:00,217,L010,background
C0081,P037,P133,2026-03-22 08:30:00,64,L019,background
C0082,P050,P089,2026-01-29 10:49:00,14,L005,background
C0083,P034,P092,2026-05-11 04:35:00,100,L003,background
C0084,P018,P140,2026-06-18 13:28:00,71,L015,background
C0085,P067,P117,2026-06-09 15:46:00,111,L012,background
C0086,P105,P035,2026-06-20 23:56:00,145,L004,background
C0087,P117,P098,2026-05-04 04:35:00,434,L019,background
C0088,P125,P011,2026-02-05 13:27:00,138,L015,background
C0089,P030,P006,2026-06-17 09:50:00,55,L010,background
C0090,P120,P145,2026-02-22 15:05:00,50,L016,background
C0091,P145,P052,2026-03-16 06:18:00,42,L006,background
C0092,P049,P135,2026-02-08 01:53:00,121,L008,background
C0093,P104,P022,2026-03-24 01:47:00,226,L009,background
C0094,P123,P033,2026-02-19 05:23:00,171,L012,background
C0095,P134,P023,2026-06-27 07:48:00,157,L020,background
C0096,P066,P111,2026-03-11 08:20:00,92,L009,background
C0097,P128,P041,2026-01-14 19:09:00,36,L011,background
C0098,P033,P065,2026-03-04 04:12:00,44,L009,background
C0099,P006,P066,2026-02-17 16:08:00,261,L013,background
C0100,P145,P083,2026-05-17 13:48:00,22,L014,background
C0101,P093,P132,2026-02-07 21:29:00,57,L009,background
C0102,P100,P006,2026-06-15 08:55:00,75,L017,background
C0103,P099,P128,2026-06-21 17:30:00,166,L008,background
C0104,P143,P084,2026-05-31 04:57:00,138,L008,background
C0105,P087,P107,2026-06-29 19:05:00,109,L008,background
C0106,P061,P140,2026-04-14 04:54:00,63,L001,background
C0107,P088,P102,2026-05-10 03:49:00,54,L017,background
C0108,P012,P082,2026-04-02 18:16:00,64,L003,background
C0109,P130,P013,2026-03-26 16:53:00,72,L016,background
C0110,P010,P119,2026-01-28 02:58:00,67,L012,background
C0111,P098,P149,2026-04-27 01:04:00,59,L005,background
C0112,P078,P005,2026-01-12 22:59:00,109,L009,background
C0113,P077,P045,2026-06-22 15:56:00,392,L017,background
C0114,P043,P074,2026-04-17 15:11:00,41,L010,background
C0115,P109,P036,2026-02-05 00:25:00,84,L009,background
C0116,P109,P066,2026-02-27 10:57:00,153,L020,background
C0117,P030,P096,2026-06-05 12:40:00,150,L006,background
C0118,P021,P072,2026-03-01 03:28:00,97,L020,background
C0119,P129,P025,2026-06-27 18:22:00,172,L016,background
C0120,P120,P106,2026-03-27 22:33:00,258,L013,background
C0121,P086,P139,2026-05-20 13:15:00,39,L009,background
C0122,P101,P078,2026-03-30 03:32:00,42,L013,background
C0123,P036,P080,2026-02-23 10:00:00,45,L011,background
C0124,P113,P114,2026-02-21 15:06:00,50,L011,background
C0125,P101,P103,2026-06-10 19:49:00,59,L010,background
C0126,P057,P009,2026-04-10 07:48:00,173,L015,background
C0127,P132,P105,2026-04-22 09:51:00,33,L003,background
C0128,P148,P073,2026-01-11 07:41:00,194,L006,background
C0129,P109,P119,2026-01-22 14:20:00,53,L010,background
C0130,P145,P150,2026-03-10 17:41:00,103,L011,background
C0131,P123,P078,2026-03-04 10:14:00,65,L019,background
C0132,P138,P095,2026-02-27 14:37:00,73,L001,background
C0133,P002,P128,2026-01-08 21:14:00,75,L020,background
C0134,P145,P046,2026-01-30 08:32:00,90,L014,background
C0135,P088,P054,2026-06-08 01:00:00,47,L006,background
C0136,P107,P028,2026-05-17 14:49:00,79,L006,background
C0137,P041,P092,2026-06-20 07:49:00,261,L012,background
C0138,P087,P077,2026-04-23 12:17:00,29,L001,background
C0139,P079,P054,2026-01-25 15:33:00,25,L012,background
C0140,P110,P150,2026-01-21 09:16:00,42,L010,background
C0141,P011,P025,2026-04-21 01:40:00,22,L001,background
C0142,P123,P074,2026-02-16 04:39:00,104,L004,background
C0143,P055,P111,2026-06-10 18:08:00,84,L017,background
C0144,P043,P044,2026-03-17 11:38:00,162,L016,background
C0145,P071,P138,2026-03-07 09:56:00,49,L014,background
C0146,P025,P074,2026-06-09 23:06:00,110,L001,background
C0147,P010,P086,2026-05-24 00:37:00,41,L001,background
C0148,P039,P011,2026-04-20 08:39:00,208,L018,background
C0149,P018,P117,2026-03-07 16:52:00,78,L005,background
C0150,P013,P099,2026-02-16 07:05:00,73,L006,background
C0151,P060,P150,2026-02-22 18:16:00,111,L020,background
C0152,P145,P036,2026-04-12 21:01:00,87,L017,background
C0153,P147,P135,2026-05-16 06:12:00,179,L010,background
C0154,P087,P091,2026-03-15 08:59:00,59,L008,background
C0155,P021,P126,2026-01-13 11:36:00,48,L003,background
C0156,P072,P055,2026-06-18 00:23:00,80,L016,background
C0157,P115,P002,2026-04-10 22:14:00,19,L015,background
C0158,P068,P081,2026-01-01 00:56:00,24,L017,background
C0159,P068,P125,2026-04-09 11:23:00,85,L003,background
C0160,P019,P058,2026-03-13 06:09:00,39,L003,background
C0161,P035,P140,2026-02-07 08:03:00,28,L019,background
C0162,P091,P112,2026-01-30 11:45:00,91,L002,background
C0163,P103,P077,2026-05-12 21:13:00,44,L009,background
C0164,P148,P019,2026-04-01 06:50:00,77,L003,background
C0165,P119,P045,2026-05-26 05:03:00,187,L017,background
C0166,P144,P132,2026-01-28 15:58:00,63,L010,background
C0167,P105,P091,2026-04-23 11:55:00,46,L005,background
C0168,P117,P077,2026-04-07 04:31:00,271,L013,background
C0169,P085,P074,2026-05-15 14:02:00,34,L009,background
C0170,P047,P066,2026-01-15 19:46:00,117,L013,background
C0171,P025,P082,2026-02-12 10:54:00,30,L005,background
C0172,P026,P098,2026-05-02 13:56:00,32,L002,background
C0173,P037,P146,2026-05-24 18:56:00,169,L005,background
C0174,P001,P026,2026-01-06 05:04:00,202,L015,background
C0175,P073,P126,2026-06-18 18:20:00,65,L013,background
C0176,P074,P010,2026-05-24 13:05:00,79,L004,background
C0177,P042,P118,2026-05-07 06:15:00,101,L013,background
C0178,P010,P128,2026-02-08 16:16:00,67,L013,background
C0179,P036,P007,2026-06-11 16:00:00,31,L003,background
C0180,P007,P138,2026-01-06 06:49:00,11,L020,background
C0181,P025,P149,2026-06-14 01:13:00,50,L008,background
C0182,P065,P041,2026-02-07 21:39:00,49,L013,background
C0183,P126,P079,2026-06-22 20:58:00,23,L012,background
C0184,P024,P085,2026-06-19 03:18:00,75,L011,background
C0185,P140,P112,2026-06-04 21:42:00,59,L005,background
C0186,P099,P137,2026-03-15 08:07:00,29,L014,background
C0187,P036,P056,2026-05-28 19:35:00,209,L003,background
C0188,P139,P113,2026-01-06 11:30:00,95,L014,background
C0189,P031,P022,2026-04-28 17:15:00,47,L015,background
C0190,P083,P085,2026-05-28 02:53:00,71,L010,background
C0191,P092,P038,2026-02-06 02:13:00,110,L020,background
C0192,P029,P130,2026-01-29 08:49:00,178,L003,background
C0193,P103,P118,2026-06-16 10:40:00,179,L016,background
C0194,P125,P105,2026-01-28 05:52:00,161,L012,background
C0195,P111,P082,2026-04-24 17:33:00,40,L013,background
C0196,P112,P129,2026-05-10 23:33:00,93,L006,background
C0197,P020,P131,2026-03-18 05:09:00,120,L014,background
C0198,P019,P066,2026-02-11 03:18:00,39,L019,background
C0199,P052,P078,2026-02-06 07:16:00,41,L002,background
C0200,P104,P049,2026-03-05 09:14:00,55,L015,background
C0201,P122,P083,2026-05-21 09:01:00,62,L003,background
C0202,P023,P146,2026-03-07 09:05:00,21,L003,background
C0203,P131,P085,2026-06-02 14:45:00,98,L012,background
C0204,P147,P142,2026-02-22 12:47:00,56,L006,background
C0205,P064,P011,2026-06-03 19:20:00,77,L018,background
C0206,P024,P047,2026-02-18 21:29:00,106,L018,background
C0207,P113,P065,2026-03-17 08:41:00,47,L016,background
C0208,P013,P133,2026-01-23 13:19:00,91,L012,background
C0209,P068,P129,2026-04-03 00:51:00,71,L007,background
C0210,P117,P019,2026-02-17 15:09:00,55,L006,background
C0211,P113,P057,2026-06-08 08:51:00,43,L007,background
C0212,P073,P138,2026-02-19 09:33:00,93,L005,background
C0213,P037,P029,2026-04-27 13:53:00,25,L001,background
C0214,P124,P003,2026-03-03 03:17:00,99,L018,background
C0215,P126,P091,2026-05-11 11:35:00,115,L014,background
C0216,P093,P035,2026-03-27 11:21:00,57,L020,background
C0217,P051,P121,2026-01-11 18:34:00,226,L019,background
C0218,P115,P102,2026-06-23 19:56:00,138,L019,background
C0219,P106,P037,2026-02-20 02:59:00,94,L002,background
C0220,P019,P045,2026-02-03 09:16:00,115,L002,background
C0221,P028,P041,2026-03-28 03:38:00,106,L007,background
C0222,P023,P003,2026-03-24 15:13:00,110,L010,background
C0223,P108,P048,2026-03-29 05:52:00,19,L005,background
C0224,P107,P133,2026-06-24 19:54:00,159,L009,background
C0225,P115,P035,2026-01-24 15:27:00,40,L012,background
C0226,P142,P104,2026-05-16 20:14:00,124,L018,background
C0227,P087,P008,2026-04-11 20:53:00,168,L020,background
C0228,P120,P038,2026-03-23 14:29:00,46,L011,background
C0229,P005,P040,2026-03-14 08:43:00,189,L020,background
C0230,P083,P114,2026-02-04 23:09:00,95,L009,background
C0231,P033,P042,2026-02-13 12:35:00,100,L019,background
C0232,P030,P027,2026-03-23 10:50:00,141,L005,background
C0233,P099,P004,2026-03-24 05:51:00,172,L007,background
C0234,P135,P027,2026-03-16 23:51:00,104,L005,background
C0235,P058,P014,2026-02-15 15:13:00,75,L003,background
C0236,P047,P092,2026-02-25 02:38:00,201,L019,background
C0237,P103,P118,2026-03-06 02:51:00,41,L005,background
C0238,P032,P115,2026-02-26 12:01:00,132,L010,background
C0239,P142,P064,2026-06-23 08:09:00,81,L016,background
C0240,P090,P135,2026-03-09 02:01:00,136,L013,background
C0241,P084,P087,2026-06-01 12:19:00,74,L007,background
C0242,P052,P012,2026-05-15 20:41:00,18,L002,background
C0243,P097,P002,2026-06-20 10:23:00,20,L017,background
C0244,P137,P006,2026-06-11 23:06:00,81,L004,background
C0245,P005,P075,2026-01-28 13:12:00,34,L007,background
C0246,P041,P123,2026-06-03 20:54:00,401,L008,background
C0247,P014,P045,2026-06-12 19:30:00,99,L019,background
C0248,P105,P014,2026-03-19 23:18:00,58,L003,background
C0249,P022,P143,2026-05-27 15:37:00,46,L009,background
C0250,P080,P134,2026-03-27 19:40:00,28,L009,background
C0251,P024,P091,2026-01-06 16:36:00,54,L013,background
C0252,P150,P028,2026-04-20 13:02:00,68,L010,background
C0253,P027,P108,2026-05-31 16:56:00,61,L019,background
C0254,P141,P051,2026-01-24 21:13:00,42,L011,background
C0255,P029,P005,2026-05-30 03:20:00,89,L011,background
C0256,P066,P060,2026-06-06 13:19:00,134,L002,background
C0257,P122,P036,2026-04-12 20:50:00,169,L002,background
C0258,P120,P144,2026-02-19 11:10:00,147,L020,background
C0259,P041,P103,2026-04-17 03:21:00,90,L001,background
C0260,P024,P095,2026-03-31 11:12:00,156,L019,background
C0261,P091,P033,2026-03-19 11:56:00,273,L007,background
C0262,P106,P086,2026-03-16 09:18:00,23,L007,background
C0263,P139,P046,2026-03-26 11:33:00,86,L020,background
C0264,P039,P079,2026-03-22 10:32:00,37,L004,background
C0265,P035,P029,2026-03-28 12:33:00,39,L010,background
C0266,P090,P119,2026-05-19 00:43:00,105,L010,background
C0267,P087,P081,2026-01-13 12:01:00,89,L015,background
C0268,P065,P016,2026-02-20 10:40:00,44,L003,background
C0269,P005,P142,2026-02-01 05:59:00,28,L004,background
C0270,P058,P056,2026-02-15 08:57:00,60,L013,background
C0271,P138,P010,2026-03-05 21:41:00,165,L010,background
C0272,P052,P141,2026-02-15 14:10:00,53,L012,background
C0273,P109,P044,2026-01-21 10:35:00,102,L014,background
C0274,P132,P017,2026-06-23 20:55:00,66,L001,background
C0275,P102,P135,2026-05-27 00:03:00,76,L005,background
C0276,P014,P001,2026-04-16 04:42:00,49,L012,background
C0277,P085,P016,2026-01-03 19:18:00,67,L003,background
C0278,P103,P014,2026-06-11 09:54:00,236,L007,background
C0279,P004,P063,2026-01-30 09:42:00,142,L003,background
C0280,P080,P034,2026-04-25 08:06:00,22,L012,background
C0281,P025,P085,2026-01-30 04:35:00,29,L013,background
C0282,P060,P030,2026-01-19 05:41:00,30,L010,background
C0283,P059,P114,2026-05-24 00:33:00,163,L006,background
C0284,P041,P148,2026-05-30 20:24:00,33,L004,background
C0285,P044,P072,2026-04-24 15:56:00,95,L010,background
C0286,P033,P114,2026-01-26 22:40:00,83,L001,background
C0287,P146,P051,2026-03-03 00:09:00,129,L007,background
C0288,P111,P083,2026-06-13 12:48:00,63,L015,background
C0289,P125,P029,2026-03-16 10:01:00,47,L020,background
C0290,P135,P044,2026-06-25 06:29:00,116,L007,background
C0291,P030,P047,2026-04-26 00:19:00,108,L006,background
C0292,P054,P027,2026-01-21 11:04:00,35,L013,background
C0293,P004,P069,2026-04-18 23:57:00,245,L005,background
C0294,P149,P083,2026-06-03 16:43:00,124,L015,background
C0295,P027,P016,2026-01-11 04:14:00,48,L002,background
C0296,P056,P062,2026-01-27 16:36:00,213,L010,background
C0297,P090,P122,2026-04-04 05:06:00,37,L015,background
C0298,P006,P095,2026-02-17 04:03:00,93,L002,background
C0299,P103,P077,2026-01-17 17:21:00,46,L013,background
C0300,P003,P076,2026-04-21 14:56:00,48,L007,background
C0301,P135,P104,2026-05-23 01:40:00,55,L002,background
C0302,P021,P119,2026-02-01 16:18:00,82,L020,background
C0303,P051,P008,2026-02-07 20:52:00,50,L002,background
C0304,P110,P147,2026-03-26 23:35:00,130,L017,background
C0305,P040,P009,2026-02-20 15:04:00,81,L004,background
C0306,P136,P112,2026-04-01 00:51:00,53,L005,background
C0307,P002,P001,2026-02-23 20:26:00,47,L016,background
C0308,P041,P069,2026-02-15 20:54:00,72,L017,background
C0309,P011,P080,2026-02-28 03:07:00,136,L012,background
C0310,P042,P127,2026-05-18 12:47:00,75,L007,background
C0311,P116,P063,2026-04-18 00:12:00,113,L006,background
C0312,P086,P067,2026-02-02 16:35:00,67,L008,background
C0313,P041,P069,2026-04-30 17:44:00,60,L010,background
C0314,P112,P056,2026-02-12 21:43:00,106,L005,background
C0315,P082,P070,2026-04-18 10:19:00,73,L001,background
C0316,P124,P015,2026-04-05 20:36:00,272,L017,background
C0317,P097,P126,2026-05-20 09:53:00,96,L016,background
C0318,P043,P147,2026-03-12 11:32:00,14,L011,background
C0319,P121,P137,2026-05-20 01:03:00,232,L001,background
C0320,P131,P067,2026-02-16 03:32:00,131,L018,background
C0321,P136,P134,2026-05-27 03:38:00,365,L015,background
C0322,P016,P060,2026-05-01 17:40:00,46,L005,background
C0323,P074,P116,2026-04-29 04:16:00,197,L016,background
C0324,P136,P095,2026-04-01 07:23:00,163,L006,background
C0325,P147,P031,2026-06-08 16:59:00,22,L004,background
C0326,P111,P067,2026-05-20 11:30:00,41,L008,background
C0327,P049,P106,2026-01-19 05:07:00,112,L009,background
C0328,P052,P146,2026-04-08 07:23:00,81,L002,background
C0329,P115,P125,2026-05-01 21:26:00,33,L019,background
C0330,P025,P127,2026-02-26 00:27:00,174,L008,background
C0331,P021,P049,2026-02-12 13:20:00,113,L009,background
C0332,P040,P084,2026-04-24 14:38:00,43,L008,background
C0333,P085,P095,2026-01-25 12:48:00,17,L007,background
C0334,P089,P027,2026-01-19 19:13:00,83,L005,background
C0335,P036,P005,2026-06-02 08:17:00,29,L009,background
C0336,P023,P070,2026-03-24 18:03:00,57,L011,background
C0337,P124,P020,2026-03-02 08:44:00,21,L002,background
C0338,P076,P107,2026-05-31 07:57:00,36,L018,background
C0339,P038,P048,2026-04-19 19:20:00,29,L006,background
C0340,P009,P109,2026-03-31 06:49:00,23,L002,background
C0341,P059,P133,2026-02-02 02:23:00,127,L017,background
C0342,P098,P068,2026-05-11 02:04:00,151,L019,background
C0343,P107,P071,2026-06-06 17:08:00,79,L008,background
C0344,P039,P044,2026-01-01 16:00:00,15,L017,background
C0345,P056,P094,2026-06-19 16:01:00,88,L017,background
C0346,P005,P093,2026-04-22 10:33:00,39,L007,background
C0347,P117,P126,2026-02-07 04:39:00,60,L020,background
C0348,P105,P099,2026-02-22 11:17:00,168,L005,background
C0349,P029,P110,2026-02-11 15:17:00,133,L014,background
C0350,P111,P008,2026-01-14 08:59:00,68,L005,background
C0351,P150,P084,2026-06-27 13:41:00,79,L001,background
C0352,P092,P060,2026-02-12 17:53:00,25,L008,background
C0353,P052,P138,2026-03-02 07:48:00,39,L011,background
C0354,P011,P145,2026-02-05 21:00:00,111,L018,background
C0355,P020,P128,2026-02-13 13:47:00,107,L004,background
C0356,P118,P120,2026-06-21 06:41:00,223,L015,background
C0357,P021,P097,2026-06-13 15:07:00,43,L011,background
C0358,P112,P008,2026-02-07 11:12:00,104,L018,background
C0359,P110,P097,2026-03-10 11:17:00,426,L006,background
C0360,P110,P032,2026-06-27 05:43:00,31,L013,background
C0361,P031,P081,2026-03-12 05:35:00,58,L001,background
C0362,P108,P148,2026-05-26 11:21:00,101,L004,background
C0363,P039,P096,2026-05-03 20:55:00,21,L018,background
C0364,P043,P022,2026-05-10 12:52:00,182,L018,background
C0365,P067,P012,2026-06-19 10:14:00,129,L013,background
C0366,P033,P014,2026-04-02 02:28:00,73,L015,background
C0367,P050,P048,2026-02-18 21:41:00,95,L017,background
C0368,P130,P016,2026-05-25 08:24:00,82,L011,background
C0369,P085,P141,2026-01-09 10:28:00,50,L008,background
C0370,P129,P124,2026-03-11 12:42:00,138,L002,background
C0371,P123,P128,2026-05-30 02:32:00,43,L002,background
C0372,P039,P085,2026-03-27 19:54:00,82,L018,background
C0373,P043,P051,2026-06-14 07:37:00,193,L019,background
C0374,P075,P090,2026-03-20 09:59:00,265,L013,background
C0375,P018,P100,2026-05-28 17:58:00,178,L005,background
C0376,P076,P117,2026-01-10 02:31:00,43,L012,background
C0377,P078,P059,2026-02-27 00:03:00,23,L004,background
C0378,P011,P120,2026-02-22 11:50:00,36,L009,background
C0379,P101,P027,2026-02-05 09:11:00,88,L009,background
C0380,P005,P046,2026-04-02 03:13:00,83,L003,background
C0381,P021,P007,2026-04-29 14:11:00,54,L013,background
C0382,P011,P057,2026-05-15 08:30:00,82,L011,background
C0383,P051,P096,2026-04-28 14:51:00,42,L016,background
C0384,P068,P089,2026-02-24 21:34:00,74,L004,background
C0385,P060,P015,2026-03-13 09:03:00,42,L010,background
C0386,P034,P001,2026-03-30 07:57:00,65,L020,background
C0387,P084,P118,2026-03-01 23:32:00,125,L012,background
C0388,P104,P141,2026-06-10 22:22:00,364,L001,background
C0389,P046,P086,2026-02-17 07:02:00,135,L001,background
C0390,P068,P050,2026-03-09 06:16:00,23,L012,background
C0391,P035,P129,2026-06-24 18:50:00,110,L014,background
C0392,P094,P080,2026-04-21 19:26:00,29,L001,background
C0393,P134,P082,2026-05-02 10:51:00,41,L017,background
C0394,P142,P045,2026-03-19 15:44:00,92,L005,background
C0395,P089,P145,2026-03-15 11:30:00,164,L014,background
C0396,P147,P060,2026-02-18 20:01:00,87,L011,background
C0397,P105,P116,2026-06-26 22:27:00,44,L014,background
C0398,P139,P115,2026-03-02 09:00:00,56,L016,background
C0399,P031,P055,2026-01-31 10:16:00,114,L013,background
C0400,P051,P089,2026-04-27 06:32:00,98,L014,background
C0401,P129,P057,2026-06-23 14:54:00,85,L015,background
C0402,P053,P128,2026-04-09 19:12:00,40,L018,background
C0403,P101,P055,2026-02-25 22:00:00,33,L004,background
C0404,P007,P144,2026-06-20 00:28:00,106,L006,background
C0405,P029,P145,2026-01-15 21:34:00,63,L008,background
C0406,P026,P007,2026-02-02 14:12:00,275,L015,background
C0407,P103,P122,2026-06-24 23:59:00,64,L014,background
C0408,P058,P097,2026-04-07 21:51:00,72,L010,background
C0409,P148,P099,2026-02-25 08:08:00,28,L017,background
C0410,P098,P037,2026-06-06 06:36:00,27,L013,background
C0411,P070,P028,2026-06-06 13:43:00,79,L012,background
C0412,P024,P058,2026-02-13 02:11:00,91,L005,background
C0413,P048,P123,2026-06-07 02:01:00,123,L012,background
C0414,P018,P134,2026-01-01 19:25:00,35,L012,background
C0415,P098,P022,2026-01-07 21:28:00,49,L019,background
C0416,P109,P094,2026-05-02 06:52:00,49,L019,background
C0417,P108,P131,2026-05-06 08:54:00,180,L009,background
C0418,P090,P014,2026-06-11 04:55:00,28,L010,background
C0419,P127,P115,2026-02-09 11:25:00,56,L009,background
C0420,P060,P121,2026-04-05 02:35:00,23,L008,background
C0421,P080,P032,2026-02-02 01:27:00,52,L011,background
C0422,P049,P088,2026-03-08 07:40:00,52,L017,background
C0423,P083,P145,2026-05-28 02:56:00,36,L007,background
C0424,P044,P078,2026-05-29 10:18:00,72,L016,background
C0425,P035,P110,2026-03-05 14:54:00,50,L014,background
C0426,P066,P032,2026-06-25 06:33:00,34,L003,background
C0427,P025,P019,2026-05-05 14:15:00,217,L017,background
C0428,P085,P134,2026-02-04 03:25:00,79,L004,background
C0429,P053,P063,2026-01-22 08:23:00,52,L003,background
C0430,P067,P023,2026-03-26 16:39:00,201,L015,background
C0431,P138,P027,2026-04-28 04:34:00,75,L005,background
C0432,P132,P134,2026-06-26 19:52:00,62,L008,background
C0433,P065,P079,2026-02-10 20:20:00,313,L001,background
C0434,P020,P077,2026-02-12 13:12:00,248,L005,background
C0435,P075,P077,2026-02-28 08:45:00,15,L006,background
C0436,P090,P044,2026-06-23 20:45:00,146,L019,background
C0437,P098,P092,2026-03-28 15:29:00,41,L014,background
C0438,P054,P036,2026-03-30 18:21:00,32,L002,background
C0439,P026,P121,2026-06-18 00:01:00,41,L015,background
C0440,P044,P094,2026-01-07 19:58:00,46,L016,background
C0441,P054,P077,2026-02-21 23:05:00,46,L004,background
C0442,P038,P094,2026-06-25 20:26:00,203,L013,background
C0443,P107,P010,2026-05-29 04:22:00,57,L003,background
C0444,P135,P031,2026-01-14 11:59:00,171,L015,background
C0445,P038,P122,2026-03-02 13:06:00,27,L014,background
C0446,P106,P107,2026-06-13 00:20:00,122,L019,background
C0447,P001,P006,2026-04-30 18:07:00,75,L002,background
C0448,P032,P051,2026-05-12 21:45:00,10,L018,background
C0449,P011,P121,2026-05-25 22:38:00,272,L009,background
C0450,P031,P014,2026-02-18 21:28:00,31,L004,background
C0451,P021,P004,2026-01-08 19:48:00,103,L014,background
C0452,P062,P041,2026-05-02 12:43:00,157,L010,background
C0453,P054,P081,2026-04-19 09:02:00,96,L008,background
C0454,P052,P026,2026-01-16 09:48:00,130,L015,background
C0455,P129,P103,2026-02-19 19:14:00,52,L019,background
C0456,P072,P150,2026-05-24 15:09:00,64,L020,background
C0457,P077,P082,2026-06-12 15:21:00,50,L011,background
C0458,P017,P012,2026-01-25 16:58:00,296,L012,background
C0459,P072,P037,2026-01-30 10:52:00,61,L005,background
C0460,P139,P073,2026-03-15 17:16:00,193,L005,background
C0461,P033,P070,2026-06-21 15:10:00,61,L010,background
C0462,P028,P007,2026-05-17 12:43:00,34,L001,background
C0463,P099,P045,2026-02-15 04:01:00,141,L014,background
C0464,P018,P006,2026-05-11 22:39:00,58,L015,background
C0465,P144,P145,2026-04-23 13:28:00,122,L011,background
C0466,P084,P115,2026-02-19 04:48:00,51,L014,background
C0467,P074,P038,2026-05-03 11:51:00,64,L016,background
C0468,P134,P070,2026-03-16 21:45:00,88,L010,background
C0469,P003,P146,2026-02-25 11:21:00,263,L009,background
C0470,P150,P038,2026-06-16 17:16:00,79,L017,background
C0471,P029,P119,2026-05-20 13:44:00,26,L002,background
C0472,P062,P002,2026-05-11 02:29:00,60,L007,background
C0473,P101,P042,2026-02-19 18:29:00,98,L014,background
C0474,P035,P054,2026-01-03 09:31:00,40,L006,background
C0475,P001,P080,2026-02-12 06:59:00,135,L017,background
C0476,P069,P146,2026-06-01 01:16:00,50,L017,background
C0477,P103,P082,2026-06-04 23:29:00,130,L004,background
C0478,P051,P089,2026-06-05 05:56:00,47,L010,background
C0479,P033,P036,2026-02-28 17:53:00,47,L010,background
C0480,P046,P113,2026-06-16 00:02:00,37,L009,background
C0481,P063,P067,2026-06-14 17:09:00,281,L020,background
C0482,P011,P145,2026-05-06 06:08:00,42,L001,background
C0483,P008,P048,2026-03-03 13:50:00,222,L008,background
C0484,P044,P137,2026-03-24 07:25:00,143,L014,background
C0485,P129,P071,2026-02-06 19:40:00,28,L017,background
C0486,P065,P019,2026-06-08 11:38:00,81,L013,background
C0487,P050,P052,2026-03-17 21:09:00,61,L005,background
C0488,P040,P131,2026-02-20 08:49:00,25,L002,background
C0489,P029,P114,2026-06-11 14:32:00,149,L017,background
C0490,P065,P035,2026-01-30 05:53:00,242,L014,background
C0491,P146,P069,2026-01-20 22:34:00,75,L007,background
C0492,P128,P057,2026-06-12 16:35:00,157,L017,background
C0493,P081,P076,2026-03-24 14:35:00,123,L007,background
C0494,P088,P105,2026-06-23 20:09:00,48,L001,background
C0495,P088,P137,2026-05-27 00:49:00,49,L017,background
C0496,P057,P041,2026-05-29 00:53:00,49,L004,background
C0497,P074,P132,2026-01-01 12:01:00,42,L010,background
C0498,P094,P002,2026-02-07 08:20:00,160,L019,background
C0499,P005,P035,2026-03-21 00:15:00,154,L011,background
C0500,P149,P104,2026-05-14 04:49:00,93,L013,background
C0501,P014,P083,2026-06-22 13:41:00,90,L010,background
C0502,P132,P052,2026-05-03 16:34:00,32,L011,background
C0503,P075,P019,2026-06-26 01:26:00,23,L006,background
C0504,P110,P017,2026-03-20 13:42:00,51,L010,background
C0505,P140,P050,2026-05-04 09:42:00,167,L003,background
C0506,P020,P115,2026-01-21 21:59:00,149,L003,background
C0507,P076,P042,2026-02-03 00:22:00,40,L006,background
C0508,P023,P015,2026-02-27 22:33:00,48,L018,background
C0509,P007,P144,2026-01-04 22:15:00,96,L016,background
C0510,P088,P061,2026-04-07 21:50:00,75,L020,background
C0511,P057,P026,2026-01-08 22:23:00,93,L019,background
C0512,P093,P124,2026-03-15 23:12:00,139,L011,background
C0513,P037,P085,2026-06-29 03:54:00,23,L018,background
C0514,P037,P073,2026-01-04 03:30:00,64,L019,background
C0515,P013,P081,2026-03-01 14:26:00,91,L016,background
C0516,P110,P064,2026-06-24 22:52:00,185,L004,background
C0517,P124,P080,2026-05-20 09:25:00,87,L009,background
C0518,P109,P046,2026-04-14 09:36:00,97,L007,background
C0519,P101,P145,2026-01-10 21:48:00,49,L002,background
C0520,P120,P098,2026-04-29 22:28:00,202,L015,background
C0521,P038,P002,2026-06-21 20:02:00,18,L019,background
C0522,P143,P141,2026-01-29 16:35:00,70,L009,background
C0523,P150,P003,2026-01-09 16:58:00,154,L010,background
C0524,P052,P090,2026-03-20 15:34:00,57,L012,background
C0525,P090,P033,2026-06-02 05:07:00,58,L004,background
C0526,P027,P060,2026-01-30 08:26:00,45,L013,background
C0527,P019,P022,2026-01-23 04:04:00,34,L020,background
C0528,P032,P012,2026-06-23 12:59:00,96,L003,background
C0529,P096,P077,2026-02-23 10:47:00,84,L001,background
C0530,P068,P069,2026-02-26 21:23:00,76,L010,background
C0531,P117,P126,2026-04-09 18:12:00,100,L019,background
C0532,P105,P003,2026-04-13 10:43:00,45,L015,background
C0533,P132,P024,2026-05-29 19:52:00,17,L009,background
C0534,P081,P025,2026-06-13 03:10:00,67,L017,background
C0535,P100,P070,2026-02-08 00:04:00,28,L005,background
C0536,P045,P003,2026-01-31 22:35:00,54,L008,background
C0537,P108,P134,2026-02-08 17:50:00,22,L010,background
C0538,P002,P092,2026-01-23 00:00:00,63,L007,background
C0539,P051,P028,2026-03-01 01:43:00,43,L002,background
C0540,P064,P139,2026-03-24 21:39:00,322,L011,background
C0541,P024,P149,2026-04-28 11:53:00,403,L009,background
C0542,P027,P067,2026-06-09 01:22:00,213,L008,background
C0543,P063,P030,2026-06-11 02:34:00,48,L012,background
C0544,P044,P113,2026-01-28 16:56:00,55,L018,background
C0545,P030,P101,2026-01-22 21:51:00,56,L007,background
C0546,P086,P085,2026-02-20 13:13:00,27,L010,background
C0547,P150,P009,2026-06-20 16:20:00,43,L014,background
C0548,P086,P090,2026-04-15 18:08:00,64,L007,background
C0549,P019,P105,2026-06-25 21:44:00,95,L014,background
C0550,P144,P133,2026-01-18 03:51:00,106,L020,background
C0551,P036,P093,2026-03-03 18:57:00,91,L008,background
C0552,P138,P099,2026-02-14 00:56:00,63,L003,background
C0553,P078,P086,2026-04-17 15:33:00,68,L018,background
C0554,P011,P060,2026-04-17 02:43:00,60,L008,background
C0555,P082,P135,2026-01-10 04:20:00,31,L014,background
C0556,P125,P022,2026-05-05 09:11:00,31,L013,background
C0557,P020,P093,2026-02-17 06:56:00,116,L019,background
C0558,P094,P089,2026-06-25 05:54:00,76,L009,background
C0559,P009,P114,2026-06-28 14:03:00,657,L016,background
C0560,P054,P101,2026-06-09 00:43:00,13,L004,background
C0561,P016,P091,2026-06-13 16:03:00,89,L015,background
C0562,P027,P116,2026-04-26 05:13:00,196,L011,background
C0563,P009,P054,2026-02-13 14:02:00,44,L016,background
C0564,P148,P047,2026-03-30 17:52:00,64,L014,background
C0565,P015,P088,2026-04-01 22:57:00,58,L007,background
C0566,P016,P020,2026-05-18 22:40:00,48,L006,background
C0567,P105,P040,2026-01-01 08:53:00,126,L002,background
C0568,P001,P039,2026-06-17 17:46:00,176,L015,background
C0569,P140,P020,2026-03-06 08:53:00,45,L010,background
C0570,P096,P018,2026-04-04 08:50:00,68,L008,background
C0571,P093,P050,2026-03-25 15:04:00,71,L008,background
C0572,P096,P138,2026-02-08 03:48:00,145,L008,background
C0573,P038,P118,2026-01-23 04:39:00,44,L011,background
C0574,P074,P025,2026-04-13 20:27:00,49,L010,background
C0575,P052,P105,2026-01-16 03:34:00,59,L011,background
C0576,P033,P080,2026-04-08 10:57:00,58,L019,background
C0577,P082,P119,2026-03-26 09:21:00,62,L018,background
C0578,P047,P008,2026-01-03 22:49:00,329,L005,background
C0579,P040,P135,2026-06-12 07:24:00,154,L008,background
C0580,P082,P057,2026-06-26 04:24:00,27,L001,background
C0581,P106,P123,2026-04-15 22:53:00,192,L004,background
C0582,P132,P041,2026-02-08 14:57:00,65,L007,background
C0583,P038,P113,2026-04-30 17:51:00,91,L013,background
C0584,P041,P028,2026-05-04 17:28:00,79,L004,background
C0585,P027,P107,2026-05-17 08:30:00,179,L003,background
C0586,P068,P051,2026-01-09 21:39:00,146,L004,background
C0587,P120,P145,2026-05-20 12:31:00,41,L011,background
C0588,P080,P088,2026-04-02 09:37:00,116,L015,background
C0589,P062,P022,2026-06-22 00:36:00,52,L004,background
C0590,P009,P039,2026-06-12 18:17:00,36,L014,background
C0591,P009,P136,2026-06-25 14:48:00,39,L001,background
C0592,P114,P136,2026-02-17 20:25:00,102,L020,background
C0593,P145,P140,2026-03-23 03:25:00,223,L002,background
C0594,P035,P139,2026-04-01 04:21:00,124,L015,background
C0595,P027,P131,2026-02-10 11:51:00,97,L019,background
C0596,P101,P095,2026-05-02 02:49:00,98,L002,background
C0597,P101,P071,2026-01-15 11:12:00,49,L020,background
C0598,P014,P109,2026-04-03 00:28:00,100,L003,background
C0599,P088,P062,2026-06-29 21:41:00,26,L018,background
C0600,P072,P123,2026-02-23 12:12:00,45,L017,background
C0601,P065,P057,2026-03-05 22:37:00,29,L016,background
C0602,P050,P033,2026-04-14 00:34:00,73,L018,background
C0603,P041,P035,2026-03-27 17:00:00,45,L019,background
C0604,P141,P061,2026-02-21 01:50:00,58,L019,background
C0605,P101,P043,2026-04-30 17:52:00,54,L005,background
C0606,P118,P091,2026-05-28 00:28:00,19,L013,background
C0607,P135,P068,2026-02-12 20:11:00,62,L019,background
C0608,P102,P100,2026-04-16 01:57:00,48,L006,background
C0609,P092,P086,2026-02-27 21:29:00,82,L011,background
C0610,P144,P113,2026-05-13 18:16:00,59,L020,background
C0611,P033,P146,2026-01-15 05:28:00,80,L002,background
C0612,P141,P020,2026-06-14 06:45:00,150,L008,background
C0613,P084,P024,2026-02-04 18:49:00,99,L002,background
C0614,P037,P090,2026-06-25 22:40:00,426,L002,background
C0615,P062,P034,2026-04-01 21:59:00,78,L020,background
C0616,P022,P015,2026-02-27 12:52:00,101,L008,background
C0617,P096,P028,2026-04-27 05:04:00,151,L010,background
C0618,P097,P102,2026-05-04 22:07:00,61,L007,background
C0619,P011,P077,2026-02-11 11:21:00,42,L001,background
C0620,P093,P095,2026-03-14 00:12:00,77,L003,background
C0621,P092,P052,2026-05-29 21:46:00,137,L019,background
C0622,P132,P049,2026-03-27 03:03:00,16,L014,background
C0623,P125,P041,2026-06-18 12:31:00,65,L020,background
C0624,P106,P135,2026-03-27 11:52:00,47,L003,background
C0625,P147,P091,2026-04-21 03:34:00,33,L014,background
C0626,P077,P014,2026-06-06 07:54:00,121,L001,background
C0627,P100,P123,2026-02-10 17:01:00,73,L019,background
C0628,P030,P108,2026-01-23 14:34:00,29,L012,background
C0629,P144,P074,2026-05-16 10:38:00,22,L015,background
C0630,P120,P028,2026-05-29 17:44:00,64,L005,background
C0631,P107,P129,2026-04-17 16:44:00,107,L009,background
C0632,P100,P045,2026-05-28 15:24:00,20,L015,background
C0633,P096,P055,2026-04-25 20:59:00,170,L019,background
C0634,P137,P043,2026-05-05 08:53:00,149,L019,background
C0635,P043,P142,2026-01-21 15:36:00,43,L007,background
C0636,P129,P140,2026-04-18 01:26:00,138,L011,background
C0637,P113,P001,2026-01-25 22:59:00,279,L009,background
C0638,P104,P034,2026-05-31 02:53:00,49,L012,background
C0639,P099,P015,2026-04-08 09:43:00,189,L008,background
C0640,P016,P010,2026-01-02 20:06:00,70,L008,background
C0641,P049,P068,2026-03-27 00:36:00,31,L019,background
C0642,P049,P097,2026-03-21 08:32:00,72,L014,background
C0643,P016,P086,2026-05-03 23:45:00,110,L001,background
C0644,P044,P058,2026-06-06 17:27:00,60,L010,background
C0645,P122,P050,2026-05-02 19:24:00,65,L007,background
C0646,P133,P023,2026-02-17 06:34:00,110,L018,background
C0647,P039,P015,2026-05-19 19:57:00,152,L019,background
C0648,P121,P002,2026-05-29 15:17:00,18,L013,background
C0649,P027,P046,2026-01-29 11:43:00,258,L017,background
C0650,P011,P047,2026-01-08 04:25:00,111,L014,background
C0651,P142,P088,2026-02-01 18:36:00,38,L011,background
C0652,P023,P029,2026-05-22 23:08:00,32,L008,background
C0653,P147,P099,2026-04-20 05:00:00,36,L020,background
C0654,P076,P134,2026-04-09 09:19:00,66,L007,background
C0655,P117,P076,2026-02-16 07:04:00,79,L014,background
C0656,P074,P053,2026-04-09 00:28:00,157,L016,background
C0657,P109,P080,2026-04-20 05:02:00,57,L005,background
C0658,P024,P097,2026-01-30 02:10:00,73,L019,background
C0659,P140,P059,2026-05-25 03:39:00,181,L005,background
C0660,P050,P112,2026-02-18 04:53:00,80,L020,background
C0661,P138,P131,2026-04-07 08:25:00,45,L005,background
C0662,P031,P038,2026-04-01 17:59:00,331,L012,background
C0663,P055,P114,2026-06-25 16:35:00,117,L005,background
C0664,P064,P013,2026-01-03 23:19:00,70,L011,background
C0665,P108,P011,2026-04-21 07:02:00,174,L006,background
C0666,P001,P021,2026-02-04 17:09:00,36,L010,background
C0667,P098,P073,2026-02-19 18:20:00,106,L001,background
C0668,P091,P060,2026-05-21 15:13:00,79,L020,background
C0669,P024,P100,2026-06-22 05:02:00,156,L014,background
C0670,P118,P028,2026-05-19 15:30:00,48,L009,background
C0671,P145,P071,2026-05-14 14:33:00,267,L018,background
C0672,P044,P130,2026-05-09 17:54:00,69,L010,background
C0673,P136,P063,2026-05-28 12:50:00,26,L001,background
C0674,P027,P108,2026-05-05 13:18:00,132,L008,background
C0675,P060,P029,2026-05-02 18:55:00,57,L006,background
C0676,P087,P010,2026-01-14 14:57:00,143,L003,background
C0677,P085,P024,2026-05-07 08:46:00,83,L014,background
C0678,P051,P046,2026-01-05 16:00:00,58,L004,background
C0679,P048,P104,2026-05-13 16:22:00,175,L016,background
C0680,P074,P095,2026-06-01 23:34:00,40,L020,background
C0681,P036,P090,2026-02-22 16:03:00,254,L006,background
C0682,P031,P063,2026-01-15 12:08:00,32,L015,background
C0683,P126,P119,2026-06-28 14:41:00,54,L010,background
C0684,P072,P025,2026-03-06 04:41:00,88,L019,background
C0685,P065,P106,2026-04-12 16:22:00,65,L006,background
C0686,P127,P054,2026-01-10 06:53:00,233,L019,background
C0687,P043,P103,2026-03-20 08:17:00,60,L020,background
C0688,P089,P036,2026-06-04 15:50:00,117,L017,background
C0689,P097,P099,2026-06-19 15:33:00,451,L006,background
C0690,P052,P062,2026-06-28 23:57:00,354,L006,background
C0691,P084,P056,2026-03-24 03:34:00,99,L007,background
C0692,P128,P049,2026-05-27 03:25:00,101,L002,background
C0693,P042,P139,2026-06-05 05:31:00,153,L013,background
C0694,P130,P076,2026-03-13 22:05:00,96,L017,background
C0695,P014,P075,2026-01-24 02:40:00,49,L004,background
C0696,P136,P132,2026-05-23 00:08:00,48,L016,background
C0697,P096,P076,2026-04-20 16:00:00,22,L016,background
C0698,P141,P126,2026-03-05 04:37:00,74,L013,background
C0699,P033,P017,2026-04-29 15:29:00,107,L010,background
C0700,P134,P101,2026-03-10 13:55:00,80,L005,background
C0701,P121,P044,2026-06-22 17:03:00,42,L016,background
C0702,P022,P008,2026-06-01 07:26:00,75,L011,background
C0703,P150,P029,2026-05-26 07:02:00,68,L020,background
C0704,P043,P102,2026-01-30 11:26:00,72,L017,background
C0705,P094,P010,2026-03-01 19:30:00,87,L008,background
C0706,P078,P084,2026-02-06 05:47:00,12,L013,background
C0707,P074,P130,2026-03-13 22:57:00,106,L019,background
C0708,P147,P150,2026-02-05 22:56:00,156,L020,background
C0709,P106,P070,2026-03-20 10:43:00,22,L014,background
C0710,P126,P146,2026-04-18 14:29:00,445,L001,background
C0711,P026,P122,2026-06-20 23:55:00,69,L007,background
C0712,P073,P114,2026-02-02 10:36:00,116,L013,background
C0713,P148,P043,2026-01-26 19:21:00,137,L003,background
C0714,P114,P054,2026-01-04 19:43:00,47,L011,background
C0715,P091,P028,2026-02-14 06:28:00,37,L008,background
C0716,P038,P125,2026-05-15 10:02:00,237,L007,background
C0717,P042,P017,2026-05-14 22:22:00,47,L011,background
C0718,P058,P102,2026-04-08 13:16:00,29,L015,background
C0719,P111,P037,2026-03-06 07:45:00,16,L009,background
C0720,P077,P027,2026-04-01 08:59:00,92,L016,background
C0721,P014,P001,2026-04-06 10:43:00,135,L008,background
C0722,P029,P072,2026-04-19 15:17:00,34,L005,background
C0723,P144,P106,2026-04-01 19:55:00,147,L002,background
C0724,P116,P017,2026-06-05 05:54:00,24,L019,background
C0725,P034,P106,2026-06-22 06:44:00,38,L004,background
C0726,P022,P146,2026-04-06 11:34:00,119,L012,background
C0727,P140,P137,2026-05-12 14:49:00,313,L010,background
C0728,P073,P102,2026-02-23 23:06:00,100,L020,background
C0729,P042,P011,2026-01-08 06:35:00,211,L011,background
C0730,P090,P006,2026-01-27 19:59:00,58,L008,background
C0731,P143,P011,2026-04-20 09:41:00,262,L014,background
C0732,P120,P104,2026-05-16 19:40:00,109,L008,background
C0733,P066,P040,2026-05-25 03:55:00,78,L016,background
C0734,P094,P017,2026-05-02 00:20:00,27,L006,background
C0735,P061,P094,2026-04-16 06:11:00,281,L011,background
C0736,P062,P027,2026-05-25 19:29:00,48,L006,background
C0737,P101,P013,2026-01-02 21:28:00,31,L004,background
C0738,P089,P003,2026-05-05 09:37:00,74,L003,background
C0739,P031,P030,2026-03-02 20:27:00,49,L010,background
C0740,P064,P068,2026-06-02 22:32:00,63,L002,background
C0741,P055,P048,2026-04-29 11:58:00,36,L017,background
C0742,P131,P042,2026-06-16 21:22:00,59,L017,background
C0743,P051,P057,2026-05-06 14:13:00,155,L020,background
C0744,P088,P103,2026-01-12 09:52:00,68,L007,background
C0745,P009,P049,2026-01-27 02:07:00,51,L011,background
C0746,P125,P028,2026-05-24 21:04:00,104,L010,background
C0747,P101,P112,2026-03-31 08:32:00,83,L020,background
C0748,P088,P060,2026-02-15 08:21:00,250,L011,background
C0749,P085,P033,2026-06-14 16:44:00,39,L010,background
C0750,P079,P002,2026-06-02 03:49:00,119,L017,background
C0751,P105,P029,2026-03-24 11:28:00,166,L004,background
C0752,P065,P119,2026-04-25 21:08:00,46,L014,background
C0753,P024,P089,2026-01-09 22:29:00,146,L018,background
C0754,P026,P009,2026-05-07 12:53:00,130,L009,background
C0755,P044,P118,2026-03-31 00:31:00,32,L013,background
C0756,P099,P114,2026-01-15 20:39:00,75,L008,background
C0757,P115,P132,2026-04-28 18:36:00,39,L018,background
C0758,P106,P142,2026-04-01 03:52:00,57,L020,background
C0759,P020,P076,2026-02-10 00:35:00,153,L015,background
C0760,P127,P037,2026-03-14 00:39:00,17,L018,background
C0761,P060,P123,2026-01-12 09:33:00,72,L018,background
C0762,P147,P061,2026-03-13 08:09:00,23,L010,background
C0763,P083,P103,2026-03-04 13:59:00,76,L015,background
C0764,P058,P131,2026-01-21 11:11:00,89,L001,background
C0765,P039,P050,2026-05-30 04:36:00,34,L013,background
C0766,P058,P019,2026-06-08 12:15:00,97,L004,background
C0767,P122,P086,2026-02-20 15:37:00,66,L004,background
C0768,P001,P010,2026-04-11 19:58:00,86,L016,background
C0769,P016,P069,2026-06-09 06:21:00,122,L010,background
C0770,P018,P123,2026-04-21 14:35:00,202,L006,background
C0771,P147,P135,2026-03-23 03:30:00,37,L003,background
C0772,P146,P132,2026-01-28 18:01:00,40,L004,background
C0773,P101,P046,2026-03-21 01:27:00,196,L006,background
C0774,P008,P120,2026-05-19 08:12:00,64,L005,background
C0775,P068,P002,2026-02-04 02:05:00,16,L004,background
C0776,P131,P130,2026-04-18 18:09:00,81,L006,background
C0777,P119,P027,2026-05-23 22:22:00,55,L002,background
C0778,P013,P104,2026-05-22 21:18:00,262,L014,background
C0779,P070,P035,2026-03-23 21:29:00,235,L012,background
C0780,P135,P003,2026-03-15 01:15:00,149,L001,background
C0781,P010,P051,2026-03-09 04:16:00,94,L013,background
C0782,P019,P141,2026-05-30 00:08:00,24,L018,background
C0783,P034,P079,2026-04-01 22:12:00,217,L010,background
C0784,P109,P130,2026-06-28 00:59:00,157,L019,background
C0785,P076,P038,2026-01-30 10:58:00,30,L004,background
C0786,P054,P019,2026-05-11 04:37:00,81,L013,background
C0787,P015,P104,2026-05-18 03:08:00,104,L015,background
C0788,P046,P029,2026-06-22 00:20:00,118,L014,background
C0789,P143,P025,2026-03-11 08:39:00,142,L004,background
C0790,P010,P112,2026-01-12 02:56:00,72,L007,background
C0791,P079,P077,2026-03-18 17:46:00,221,L004,background
C0792,P147,P101,2026-05-20 17:57:00,79,L007,background
C0793,P011,P015,2026-03-12 02:26:00,53,L010,background
C0794,P014,P081,2026-06-12 03:23:00,57,L015,background
C0795,P023,P014,2026-02-18 19:06:00,78,L019,background
C0796,P014,P022,2026-03-11 08:24:00,57,L017,background
C0797,P016,P088,2026-03-21 23:59:00,53,L007,background
C0798,P059,P099,2026-03-03 05:18:00,170,L015,background
C0799,P083,P031,2026-01-04 15:31:00,54,L009,background
C0800,P021,P141,2026-01-11 14:51:00,101,L004,background
C0801,P054,P110,2026-04-28 17:37:00,56,L020,background
C0802,P006,P072,2026-04-30 14:49:00,29,L017,background
C0803,P053,P028,2026-02-10 13:33:00,158,L003,background
C0804,P134,P148,2026-04-28 02:29:00,167,L019,background
C0805,P063,P060,2026-01-02 01:18:00,50,L019,background
C0806,P035,P076,2026-03-12 03:06:00,201,L014,background
C0807,P067,P043,2026-01-11 13:16:00,59,L007,background
C0808,P139,P036,2026-05-03 08:44:00,165,L012,background
C0809,P001,P075,2026-03-28 10:16:00,60,L011,background
C0810,P111,P091,2026-04-26 07:01:00,60,L001,background
C0811,P073,P147,2026-05-20 19:31:00,69,L009,background
C0812,P147,P074,2026-06-09 21:36:00,40,L010,background
C0813,P010,P149,2026-04-17 17:38:00,120,L007,background
C0814,P093,P021,2026-02-26 12:35:00,178,L006,background
C0815,P010,P150,2026-06-15 16:35:00,125,L001,background
C0816,P105,P077,2026-05-20 00:26:00,33,L016,background
C0817,P046,P135,2026-05-04 05:52:00,41,L008,background
C0818,P134,P104,2026-01-11 18:49:00,78,L016,background
C0819,P123,P126,2026-04-08 14:23:00,136,L013,background
C0820,P089,P050,2026-03-12 04:19:00,205,L010,background
C0821,P106,P054,2026-06-10 07:40:00,60,L020,background
C0822,P028,P115,2026-06-13 20:28:00,86,L011,background
C0823,P079,P118,2026-05-10 20:58:00,146,L013,background
C0824,P002,P034,2026-05-19 16:10:00,29,L007,background
C0825,P135,P047,2026-02-10 14:28:00,168,L005,background
C0826,P146,P039,2026-03-20 10:04:00,349,L016,background
C0827,P140,P031,2026-05-08 09:12:00,179,L020,background
C0828,P083,P086,2026-02-03 10:10:00,53,L003,background
C0829,P044,P059,2026-06-17 11:34:00,160,L004,background
C0830,P066,P012,2026-01-07 02:35:00,47,L014,background
C0831,P010,P088,2026-02-17 12:55:00,175,L006,background
C0832,P071,P007,2026-01-29 17:21:00,184,L002,background
C0833,P110,P034,2026-01-22 04:48:00,71,L018,background
C0834,P078,P123,2026-01-19 04:29:00,46,L009,background
C0835,P090,P068,2026-04-07 00:49:00,35,L014,background
C0836,P130,P068,2026-05-04 22:27:00,22,L017,background
C0837,P137,P126,2026-02-14 09:23:00,45,L016,background
C0838,P064,P005,2026-02-05 23:32:00,167,L012,background
C0839,P105,P004,2026-02-02 04:26:00,82,L015,background
C0840,P071,P139,2026-06-17 19:16:00,43,L018,background
C0841,P097,P110,2026-02-14 21:40:00,22,L002,background
C0842,P073,P113,2026-02-23 11:18:00,62,L012,background
C0843,P074,P062,2026-04-27 20:37:00,23,L009,background
C0844,P111,P095,2026-03-11 06:42:00,147,L011,background
C0845,P063,P042,2026-05-13 06:18:00,67,L009,background
C0846,P141,P085,2026-06-11 16:59:00,65,L006,background
C0847,P053,P077,2026-03-09 17:27:00,83,L018,background
C0848,P035,P105,2026-02-26 12:39:00,66,L015,background
C0849,P107,P097,2026-03-12 02:19:00,121,L017,background
C0850,P134,P126,2026-01-05 09:13:00,623,L013,background
C0851,P143,P089,2026-03-23 08:03:00,356,L007,background
C0852,P112,P045,2026-05-01 22:55:00,221,L011,background
C0853,P072,P048,2026-06-05 20:32:00,37,L011,background
C0854,P003,P109,2026-05-15 23:00:00,144,L019,background
C0855,P130,P141,2026-04-10 14:42:00,29,L006,background
C0856,P122,P129,2026-06-19 20:48:00,84,L012,background
C0857,P109,P056,2026-05-04 05:11:00,344,L010,background
C0858,P012,P124,2026-03-21 01:35:00,63,L019,background
C0859,P006,P088,2026-04-29 12:59:00,92,L019,background
C0860,P035,P067,2026-05-08 02:41:00,38,L018,background
C0861,P088,P022,2026-05-03 12:37:00,110,L013,background
C0862,P066,P074,2026-06-18 16:18:00,42,L019,background
C0863,P099,P064,2026-06-17 13:50:00,34,L002,background
C0864,P019,P056,2026-04-10 18:30:00,182,L008,background
C0865,P054,P009,2026-04-01 13:34:00,236,L007,background
C0866,P018,P114,2026-03-06 16:23:00,136,L003,background
C0867,P113,P114,2026-01-29 12:56:00,97,L019,background
C0868,P059,P115,2026-04-17 00:37:00,235,L006,background
C0869,P038,P046,2026-06-23 01:33:00,37,L010,background
C0870,P047,P071,2026-05-30 17:55:00,118,L003,background
C0871,P051,P025,2026-05-12 20:44:00,299,L011,background
C0872,P120,P073,2026-05-05 04:29:00,49,L010,background
C0873,P038,P074,2026-06-07 18:23:00,72,L003,background
C0874,P081,P105,2026-05-03 04:41:00,66,L003,background
C0875,P150,P115,2026-05-18 12:38:00,63,L006,background
C0876,P004,P075,2026-06-18 12:19:00,241,L007,background
C0877,P122,P138,2026-02-28 11:44:00,96,L009,background
C0878,P019,P063,2026-06-26 11:19:00,109,L002,background
C0879,P005,P088,2026-02-14 06:52:00,44,L020,background
C0880,P070,P036,2026-01-18 01:39:00,40,L019,background
C0881,P019,P114,2026-01-25 16:54:00,48,L007,background
C0882,P090,P110,2026-06-27 16:33:00,65,L012,background
C0883,P072,P061,2026-02-12 13:43:00,52,L001,background
C0884,P045,P104,2026-01-18 10:08:00,156,L001,background
C0885,P050,P076,2026-01-17 11:36:00,73,L008,background
C0886,P113,P021,2026-04-03 23:59:00,88,L003,background
C0887,P044,P046,2026-02-18 04:31:00,242,L012,background
C0888,P021,P120,2026-04-21 05:23:00,99,L010,background
C0889,P136,P147,2026-03-17 23:11:00,38,L016,background
C0890,P131,P098,2026-06-04 18:09:00,72,L015,background
C0891,P145,P080,2026-06-02 18:50:00,323,L009,background
C0892,P083,P150,2026-04-22 03:33:00,117,L016,background
C0893,P012,P014,2026-04-11 17:07:00,32,L003,background
C0894,P002,P001,2026-03-10 05:29:00,111,L001,background
C0895,P052,P121,2026-02-02 18:31:00,182,L013,background
C0896,P106,P021,2026-02-11 15:50:00,79,L017,background
C0897,P005,P093,2026-01-27 11:47:00,160,L002,background
C0898,P125,P121,2026-02-17 02:31:00,46,L001,background
C0899,P131,P044,2026-06-18 06:25:00,169,L008,background
C0900,P130,P007,2026-02-10 12:47:00,170,L002,background
C0901,P017,P087,2026-05-28 13:09:00,51,L012,background
C0902,P060,P102,2026-01-22 10:16:00,36,L006,background
C0903,P059,P121,2026-04-15 07:50:00,52,L010,background
C0904,P143,P004,2026-05-11 23:03:00,155,L014,background
C0905,P091,P069,2026-03-28 03:21:00,55,L009,background
C0906,P087,P009,2026-04-16 00:23:00,75,L011,background
C0907,P089,P099,2026-04-19 06:54:00,60,L018,background
C0908,P040,P139,2026-01-28 12:43:00,45,L007,background
C0909,P080,P093,2026-01-08 14:11:00,71,L019,background
C0910,P054,P026,2026-04-04 07:10:00,52,L009,background
C0911,P041,P140,2026-02-03 01:13:00,373,L011,background
C0912,P034,P119,2026-05-17 19:00:00,24,L009,background
C0913,P007,P085,2026-04-01 15:04:00,27,L016,background
C0914,P045,P093,2026-01-19 12:16:00,60,L009,background
C0915,P052,P025,2026-02-22 10:19:00,96,L014,background
C0916,P117,P066,2026-03-04 00:28:00,52,L004,background
C0917,P150,P105,2026-02-03 20:50:00,48,L014,background
C0918,P123,P106,2026-05-25 15:51:00,38,L003,background
C0919,P014,P099,2026-02-19 01:00:00,73,L005,background
C0920,P065,P071,2026-01-18 11:51:00,35,L015,background
C0921,P075,P122,2026-03-19 13:03:00,72,L016,background
C0922,P069,P057,2026-02-17 13:29:00,23,L010,background
C0923,P107,P076,2026-06-02 05:38:00,126,L003,background
C0924,P081,P064,2026-01-14 09:39:00,619,L012,background
C0925,P052,P136,2026-02-25 17:49:00,87,L002,background
C0926,P046,P019,2026-05-20 00:48:00,101,L019,background
C0927,P061,P121,2026-01-05 11:11:00,52,L002,background
C0928,P022,P026,2026-06-13 02:41:00,16,L007,background
C0929,P074,P002,2026-04-10 04:43:00,19,L019,background
C0930,P091,P059,2026-05-09 15:34:00,85,L003,background
C0931,P004,P100,2026-03-17 19:24:00,70,L007,background
C0932,P094,P046,2026-05-07 15:37:00,91,L019,background
C0933,P122,P023,2026-02-25 02:24:00,199,L012,background
C0934,P010,P103,2026-01-28 18:04:00,47,L006,background
C0935,P125,P027,2026-06-14 16:44:00,56,L012,background
C0936,P038,P073,2026-04-25 19:31:00,74,L009,background
C0937,P014,P124,2026-03-31 14:14:00,74,L001,background
C0938,P036,P029,2026-02-26 21:22:00,96,L004,background
C0939,P093,P027,2026-03-18 14:34:00,102,L001,background
C0940,P020,P131,2026-04-03 17:03:00,53,L005,background
C0941,P068,P037,2026-01-28 22:12:00,114,L001,background
C0942,P072,P060,2026-06-17 17:36:00,21,L013,background
C0943,P111,P101,2026-03-29 23:22:00,88,L006,background
C0944,P096,P144,2026-04-08 04:07:00,86,L009,background
C0945,P013,P016,2026-06-05 01:35:00,136,L006,background
C0946,P148,P050,2026-02-26 05:46:00,51,L002,background
C0947,P079,P113,2026-02-28 05:17:00,90,L016,background
C0948,P131,P079,2026-03-20 06:10:00,41,L010,background
C0949,P007,P068,2026-05-29 07:09:00,86,L017,background
C0950,P124,P098,2026-04-11 13:17:00,109,L004,background
C0951,P033,P059,2026-02-16 05:12:00,79,L016,background
C0952,P062,P082,2026-05-08 23:09:00,25,L012,background
C0953,P021,P134,2026-06-25 08:51:00,21,L010,background
C0954,P033,P041,2026-06-08 05:55:00,70,L004,background
C0955,P125,P131,2026-03-01 00:07:00,130,L020,background
C0956,P083,P057,2026-01-13 09:54:00,204,L005,background
C0957,P125,P051,2026-04-07 02:53:00,117,L011,background
C0958,P149,P104,2026-02-10 19:05:00,78,L013,background
C0959,P108,P132,2026-04-10 18:55:00,19,L005,background
C0960,P145,P122,2026-06-26 06:06:00,31,L003,background
C0961,P102,P072,2026-03-12 17:01:00,73,L015,background
C0962,P015,P147,2026-06-03 08:45:00,63,L002,background
C0963,P079,P045,2026-06-24 20:35:00,134,L018,background
C0964,P130,P061,2026-01-20 02:55:00,16,L010,background
C0965,P060,P082,2026-04-07 22:26:00,169,L006,background
C0966,P031,P024,2026-03-24 09:53:00,34,L017,background
C0967,P073,P129,2026-03-11 23:13:00,93,L006,background
C0968,P071,P011,2026-05-13 11:59:00,94,L011,background
C0969,P100,P132,2026-03-20 19:24:00,82,L014,background
C0970,P086,P132,2026-02-09 07:09:00,74,L019,background
C0971,P026,P115,2026-05-02 20:41:00,140,L006,background
C0972,P113,P144,2026-01-31 19:57:00,172,L006,background
C0973,P035,P101,2026-02-07 21:58:00,53,L020,background
C0974,P069,P114,2026-04-20 08:59:00,145,L017,background
C0975,P094,P073,2026-06-20 13:32:00,18,L019,background
C0976,P019,P097,2026-06-14 14:55:00,44,L020,background
C0977,P005,P084,2026-03-21 14:42:00,20,L007,background
C0978,P128,P011,2026-06-26 18:41:00,39,L001,background
C0979,P107,P147,2026-03-31 13:38:00,141,L010,background
C0980,P096,P079,2026-03-20 06:23:00,145,L003,background
C0981,P009,P074,2026-05-07 21:39:00,343,L016,background
C0982,P035,P046,2026-05-10 04:01:00,37,L016,background
C0983,P110,P127,2026-01-08 20:45:00,103,L016,background
C0984,P013,P099,2026-04-26 07:02:00,29,L012,background
C0985,P146,P026,2026-02-08 16:36:00,183,L012,background
C0986,P068,P062,2026-02-01 07:07:00,76,L015,background
C0987,P065,P120,2026-02-02 14:58:00,78,L002,background
C0988,P097,P094,2026-04-16 02:57:00,59,L010,background
C0989,P115,P069,2026-03-30 10:50:00,148,L010,background
C0990,P011,P136,2026-02-02 21:25:00,148,L012,background
C0991,P040,P113,2026-01-10 06:52:00,58,L013,background
C0992,P131,P022,2026-01-02 13:59:00,80,L019,background
C0993,P102,P076,2026-05-23 22:11:00,50,L007,background
C0994,P011,P097,2026-02-15 00:07:00,50,L004,background
C0995,P019,P140,2026-02-19 02:37:00,83,L013,background
C0996,P044,P108,2026-02-10 16:26:00,29,L011,background
C0997,P050,P054,2026-06-23 14:41:00,81,L008,background
C0998,P016,P008,2026-06-05 14:25:00,42,L007,background
C0999,P147,P084,2026-01-11 20:16:00,62,L013,background
C1000,P099,P024,2026-03-05 15:26:00,51,L006,background
C1001,P013,P034,2026-06-06 22:15:00,71,L016,background
C1002,P043,P123,2026-04-29 03:34:00,54,L016,background
C1003,P114,P109,2026-06-04 13:39:00,75,L015,background
C1004,P034,P014,2026-01-08 14:58:00,103,L004,background
C1005,P041,P032,2026-04-09 00:00:00,97,L015,background
C1006,P116,P016,2026-04-08 17:38:00,78,L016,background
C1007,P131,P129,2026-01-28 22:40:00,136,L017,background
C1008,P009,P004,2026-03-15 12:24:00,29,L003,background
C1009,P109,P042,2026-03-07 20:02:00,51,L018,background
C1010,P084,P011,2026-03-15 13:54:00,56,L014,background
C1011,P113,P040,2026-03-20 03:36:00,45,L010,background
C1012,P087,P027,2026-01-01 14:36:00,21,L020,background
C1013,P108,P104,2026-03-21 02:27:00,57,L015,background
C1014,P042,P047,2026-01-13 04:01:00,117,L009,background
C1015,P138,P040,2026-03-13 12:51:00,70,L009,background
C1016,P138,P117,2026-05-30 20:59:00,32,L005,background
C1017,P044,P126,2026-01-27 10:24:00,63,L013,background
C1018,P042,P112,2026-05-06 12:43:00,59,L017,background
C1019,P061,P148,2026-06-03 15:28:00,142,L003,background
C1020,P136,P132,2026-01-22 04:41:00,298,L018,background
C1021,P135,P022,2026-01-04 17:47:00,58,L019,background
C1022,P057,P013,2026-02-24 20:21:00,38,L005,background
C1023,P066,P144,2026-01-21 23:35:00,93,L006,background
C1024,P111,P104,2026-01-22 13:49:00,111,L020,background
C1025,P027,P005,2026-03-21 13:15:00,89,L006,background
C1026,P030,P004,2026-05-11 14:05:00,73,L001,background
C1027,P104,P021,2026-01-07 01:35:00,55,L006,background
C1028,P016,P001,2026-06-03 00:33:00,81,L005,background
C1029,P078,P041,2026-06-08 17:42:00,164,L016,background
C1030,P142,P132,2026-05-17 18:53:00,109,L004,background
C1031,P144,P054,2026-03-29 21:13:00,77,L019,background
C1032,P007,P131,2026-04-04 13:44:00,71,L003,background
C1033,P030,P004,2026-05-26 21:02:00,41,L008,background
C1034,P061,P091,2026-04-28 14:07:00,106,L005,background
C1035,P009,P140,2026-01-18 19:50:00,17,L002,background
C1036,P130,P115,2026-01-10 16:06:00,100,L005,background
C1037,P109,P122,2026-02-27 16:06:00,27,L010,background
C1038,P134,P131,2026-03-19 02:43:00,36,L017,background
C1039,P002,P013,2026-05-27 20:21:00,79,L001,background
C1040,P036,P066,2026-05-23 22:03:00,62,L017,background
C1041,P072,P086,2026-01-07 01:34:00,169,L006,background
C1042,P066,P054,2026-04-06 10:55:00,125,L019,background
C1043,P054,P084,2026-02-20 04:24:00,80,L017,background
C1044,P076,P114,2026-03-02 19:40:00,77,L013,background
C1045,P064,P109,2026-04-24 23:56:00,90,L006,background
C1046,P016,P082,2026-03-14 10:36:00,112,L016,background
C1047,P003,P114,2026-01-18 17:39:00,127,L006,background
C1048,P021,P055,2026-04-15 13:55:00,57,L016,background
C1049,P105,P032,2026-05-05 04:02:00,18,L014,background
C1050,P068,P029,2026-01-06 17:38:00,82,L019,background
C1051,P090,P118,2026-04-20 14:20:00,92,L018,background
C1052,P046,P033,2026-04-08 18:27:00,212,L001,background
C1053,P123,P112,2026-04-02 04:22:00,106,L001,background
C1054,P086,P025,2026-03-05 08:50:00,158,L016,background
C1055,P051,P039,2026-06-16 11:10:00,35,L019,background
C1056,P084,P024,2026-02-26 19:31:00,53,L019,background
C1057,P022,P108,2026-04-25 10:16:00,49,L001,background
C1058,P027,P147,2026-04-09 04:54:00,45,L003,background
C1059,P047,P149,2026-06-27 08:58:00,191,L018,background
C1060,P101,P089,2026-02-13 19:51:00,383,L007,background
C1061,P007,P059,2026-01-03 18:15:00,123,L008,background
C1062,P013,P141,2026-06-26 09:47:00,43,L010,background
C1063,P090,P108,2026-02-12 13:04:00,132,L007,background
C1064,P045,P134,2026-05-23 09:02:00,40,L020,background
C1065,P020,P022,2026-05-08 18:33:00,98,L005,background
C1066,P038,P111,2026-01-31 18:49:00,52,L018,background
C1067,P033,P044,2026-04-09 12:00:00,42,L014,background
C1068,P018,P079,2026-06-04 20:14:00,146,L005,background
C1069,P103,P051,2026-05-22 18:36:00,46,L003,background
C1070,P074,P147,2026-06-28 22:43:00,51,L016,background
C1071,P063,P112,2026-01-11 16:52:00,88,L013,background
C1072,P064,P143,2026-02-17 14:33:00,126,L019,background
C1073,P081,P053,2026-04-11 09:53:00,42,L004,background
C1074,P019,P108,2026-06-27 23:14:00,60,L004,background
C1075,P002,P089,2026-02-27 04:55:00,27,L004,background
C1076,P070,P038,2026-05-08 14:31:00,107,L013,background
C1077,P033,P109,2026-03-29 05:33:00,403,L014,background
C1078,P127,P121,2026-06-22 00:40:00,45,L001,background
C1079,P010,P053,2026-02-23 13:58:00,41,L002,background
C1080,P130,P074,2026-04-27 20:08:00,68,L019,background
C1081,P013,P074,2026-04-04 02:56:00,17,L013,background
C1082,P040,P079,2026-03-05 05:42:00,102,L004,background
C1083,P069,P120,2026-06-27 09:55:00,118,L016,background
C1084,P029,P139,2026-06-07 03:01:00,26,L001,background
C1085,P053,P042,2026-01-22 08:22:00,116,L008,background
C1086,P034,P072,2026-05-12 12:00:00,66,L020,background
C1087,P127,P091,2026-04-18 22:52:00,164,L002,background
C1088,P017,P048,2026-04-02 11:07:00,51,L008,background
C1089,P126,P056,2026-05-11 20:49:00,220,L003,background
C1090,P098,P103,2026-02-18 13:26:00,108,L015,background
C1091,P146,P008,2026-02-01 09:16:00,54,L009,background
C1092,P088,P059,2026-06-09 04:06:00,55,L020,background
C1093,P002,P070,2026-02-13 23:39:00,32,L009,background
C1094,P072,P023,2026-06-25 23:37:00,79,L002,background
C1095,P125,P130,2026-01-18 12:01:00,138,L017,background
C1096,P046,P045,2026-05-26 05:44:00,39,L019,background
C1097,P132,P055,2026-01-23 17:37:00,93,L014,background
C1098,P012,P040,2026-03-16 22:42:00,82,L002,background
C1099,P030,P147,2026-01-29 04:04:00,149,L009,background
C1100,P052,P116,2026-03-14 11:48:00,105,L001,background
C1101,P039,P062,2026-01-12 07:15:00,187,L016,background
C1102,P142,P065,2026-03-31 05:10:00,133,L007,background
C1103,P100,P109,2026-01-27 23:00:00,39,L002,background
C1104,P012,P032,2026-06-20 03:03:00,327,L012,background
C1105,P123,P063,2026-03-02 14:07:00,32,L018,background
C1106,P090,P074,2026-01-06 03:36:00,126,L012,background
C1107,P049,P102,2026-06-10 01:18:00,107,L012,background
C1108,P129,P002,2026-03-14 14:17:00,129,L005,background
C1109,P066,P076,2026-06-15 14:47:00,119,L014,background
C1110,P128,P130,2026-05-23 14:17:00,44,L009,background
C1111,P097,P086,2026-04-13 19:27:00,83,L001,background
C1112,P031,P012,2026-05-24 19:32:00,91,L002,background
C1113,P083,P110,2026-06-02 06:20:00,198,L016,background
C1114,P055,P108,2026-05-22 10:56:00,119,L003,background
C1115,P132,P061,2026-02-10 10:23:00,180,L011,background
C1116,P083,P015,2026-05-12 08:35:00,76,L015,background
C1117,P035,P013,2026-04-22 14:51:00,70,L016,background
C1118,P134,P112,2026-01-12 16:17:00,82,L011,background
C1119,P061,P076,2026-04-24 10:50:00,57,L005,background
C1120,P077,P020,2026-06-23 04:54:00,85,L019,background
C1121,P142,P020,2026-01-12 17:08:00,148,L007,background
C1122,P039,P108,2026-06-27 17:11:00,115,L017,background
C1123,P007,P011,2026-06-13 11:14:00,21,L004,background
C1124,P148,P053,2026-06-01 00:50:00,42,L002,background
C1125,P126,P037,2026-01-04 09:57:00,128,L008,background
C1126,P078,P057,2026-01-24 17:38:00,39,L011,background
C1127,P023,P011,2026-01-13 16:08:00,46,L003,background
C1128,P109,P089,2026-01-15 16:01:00,61,L010,background
C1129,P073,P063,2026-06-16 10:33:00,72,L017,background
C1130,P126,P045,2026-04-08 14:51:00,92,L002,background
C1131,P119,P141,2026-05-19 04:35:00,48,L009,background
C1132,P007,P112,2026-03-16 13:39:00,122,L008,background
C1133,P059,P083,2026-02-22 16:24:00,152,L009,background
C1134,P114,P060,2026-01-22 06:39:00,66,L006,background
C1135,P138,P068,2026-01-31 08:16:00,209,L011,background
C1136,P004,P025,2026-01-12 13:54:00,83,L006,background
C1137,P010,P120,2026-03-13 20:40:00,104,L004,background
C1138,P095,P054,2026-05-12 17:30:00,67,L007,background
C1139,P018,P135,2026-01-09 08:11:00,80,L020,background
C1140,P114,P033,2026-01-11 02:08:00,123,L010,background
C1141,P110,P062,2026-01-19 20:58:00,94,L014,background
C1142,P097,P136,2026-05-08 05:45:00,288,L018,background
C1143,P069,P029,2026-01-26 05:50:00,131,L015,background
C1144,P073,P129,2026-06-15 05:42:00,22,L016,background
C1145,P002,P019,2026-02-16 21:37:00,87,L011,background
C1146,P026,P038,2026-02-03 09:06:00,237,L019,background
C1147,P019,P137,2026-04-07 15:19:00,96,L005,background
C1148,P059,P083,2026-05-16 14:30:00,45,L020,background
C1149,P068,P110,2026-06-29 08:30:00,50,L011,background
C1150,P026,P012,2026-06-06 22:09:00,38,L011,background
C1151,P036,P128,2026-03-17 01:17:00,38,L003,background
C1152,P101,P035,2026-05-09 21:27:00,18,L011,background
C1153,P033,P082,2026-01-31 19:28:00,537,L018,background
C1154,P061,P086,2026-06-19 22:42:00,174,L008,background
C1155,P028,P111,2026-06-15 01:22:00,136,L015,background
C1156,P115,P036,2026-05-10 20:41:00,33,L017,background
C1157,P123,P027,2026-05-24 23:45:00,130,L004,background
C1158,P119,P044,2026-02-02 23:13:00,217,L008,background
C1159,P073,P103,2026-06-25 22:43:00,121,L006,background
C1160,P008,P017,2026-02-17 09:58:00,72,L014,background
C1161,P113,P040,2026-05-27 01:54:00,29,L010,background
C1162,P148,P013,2026-01-26 06:02:00,205,L001,background
C1163,P058,P026,2026-01-11 03:23:00,169,L010,background
C1164,P136,P120,2026-06-15 19:58:00,154,L018,background
C1165,P066,P093,2026-06-18 00:39:00,74,L002,background
C1166,P102,P118,2026-03-16 05:34:00,70,L019,background
C1167,P094,P050,2026-05-01 20:01:00,108,L014,background
C1168,P048,P110,2026-02-23 17:49:00,65,L012,background
C1169,P134,P005,2026-01-29 13:37:00,38,L012,background
C1170,P038,P003,2026-01-26 03:47:00,25,L003,background
C1171,P026,P122,2026-04-24 20:44:00,68,L018,background
C1172,P051,P144,2026-02-18 18:28:00,64,L006,background
C1173,P141,P047,2026-06-28 08:09:00,191,L007,background
C1174,P042,P006,2026-06-19 05:11:00,13,L008,background
C1175,P132,P094,2026-05-23 01:11:00,179,L015,background
C1176,P017,P035,2026-04-29 00:44:00,80,L012,background
C1177,P041,P034,2026-06-24 13:53:00,33,L011,background
C1178,P072,P005,2026-02-23 16:46:00,60,L013,background
C1179,P038,P111,2026-04-30 03:17:00,30,L010,background
C1180,P084,P086,2026-06-16 23:38:00,267,L001,background
C1181,P011,P064,2026-03-21 05:31:00,83,L007,background
C1182,P118,P051,2026-02-14 17:37:00,211,L015,background
C1183,P052,P074,2026-02-08 03:01:00,63,L020,background
C1184,P003,P032,2026-02-03 01:48:00,44,L006,background
C1185,P086,P046,2026-01-12 01:16:00,37,L015,background
C1186,P113,P121,2026-01-20 07:15:00,53,L010,background
C1187,P001,P009,2026-05-25 05:59:00,29,L010,background
C1188,P090,P135,2026-04-19 00:45:00,33,L009,background
C1189,P012,P026,2026-06-11 05:52:00,78,L002,background
C1190,P134,P085,2026-06-04 12:33:00,85,L011,background
C1191,P036,P003,2026-01-17 11:27:00,131,L003,background
C1192,P083,P117,2026-03-09 18:30:00,82,L018,background
C1193,P041,P071,2026-06-22 06:45:00,164,L002,background
C1194,P108,P147,2026-02-17 17:48:00,70,L020,background
C1195,P093,P086,2026-04-03 18:42:00,152,L012,background
C1196,P079,P139,2026-06-05 02:50:00,89,L009,background
C1197,P121,P065,2026-02-10 06:51:00,72,L018,background
C1198,P007,P144,2026-06-28 05:41:00,164,L012,background
C1199,P030,P035,2026-02-27 14:31:00,67,L018,background
C1200,P117,P127,2026-05-11 07:55:00,28,L011,background
C1201,P121,P118,2026-06-28 17:25:00,83,L015,background
C1202,P018,P097,2026-06-18 07:01:00,111,L016,background
C1203,P082,P093,2026-01-18 15:06:00,25,L005,background
C1204,P053,P021,2026-05-28 11:11:00,129,L012,background
C1205,P132,P131,2026-02-23 03:45:00,99,L001,background
C1206,P032,P063,2026-03-23 09:19:00,93,L018,background
C1207,P015,P038,2026-01-07 02:32:00,139,L001,background
C1208,P067,P112,2026-06-22 13:12:00,113,L002,background
C1209,P048,P046,2026-01-01 04:17:00,49,L019,background
C1210,P043,P121,2026-04-13 20:33:00,79,L004,background
C1211,P125,P042,2026-03-02 01:23:00,36,L012,background
C1212,P045,P116,2026-03-13 00:22:00,60,L019,background
C1213,P071,P070,2026-05-06 14:54:00,63,L006,background
C1214,P033,P119,2026-05-22 16:36:00,106,L019,background
C1215,P047,P149,2026-04-19 10:24:00,53,L010,background
C1216,P128,P078,2026-04-04 19:32:00,93,L018,background
C1217,P076,P139,2026-01-23 19:01:00,16,L002,background
C1218,P029,P121,2026-02-19 06:20:00,25,L004,background
C1219,P103,P050,2026-06-26 06:41:00,147,L013,background
C1220,P061,P062,2026-03-11 13:38:00,50,L010,background
C1221,P114,P016,2026-06-26 17:06:00,151,L011,background
C1222,P074,P084,2026-05-18 16:32:00,60,L013,background
C1223,P121,P069,2026-04-26 21:21:00,158,L005,background
C1224,P059,P046,2026-05-28 06:55:00,58,L005,background
C1225,P051,P019,2026-02-07 21:44:00,145,L003,background
C1226,P087,P044,2026-02-26 04:55:00,126,L013,background
C1227,P018,P105,2026-05-07 02:58:00,340,L020,background
C1228,P061,P109,2026-02-06 04:30:00,67,L008,background
C1229,P111,P091,2026-06-21 12:50:00,122,L020,background
C1230,P008,P041,2026-01-09 21:06:00,235,L018,background
C1231,P059,P131,2026-01-01 11:35:00,84,L008,background
C1232,P043,P070,2026-04-11 04:22:00,46,L001,background
C1233,P098,P036,2026-05-22 09:28:00,37,L007,background
C1234,P073,P123,2026-05-21 00:51:00,35,L010,background
C1235,P011,P020,2026-03-24 00:11:00,184,L002,background
C1236,P124,P037,2026-05-06 18:51:00,115,L018,background
C1237,P038,P073,2026-01-18 08:15:00,149,L020,background
C1238,P128,P085,2026-05-27 02:41:00,43,L013,background
C1239,P061,P020,2026-02-25 02:35:00,31,L008,background
C1240,P129,P043,2026-01-23 00:33:00,16,L020,background
C1241,P093,P104,2026-05-25 03:56:00,95,L004,background
C1242,P071,P150,2026-06-19 08:35:00,109,L008,background
C1243,P047,P103,2026-04-16 09:30:00,124,L008,background
C1244,P013,P095,2026-01-27 13:34:00,21,L010,background
C1245,P005,P024,2026-06-26 09:01:00,27,L019,background
C1246,P129,P134,2026-03-23 00:45:00,115,L004,background
C1247,P122,P052,2026-06-05 11:49:00,29,L018,background
C1248,P090,P103,2026-03-10 10:47:00,16,L009,background
C1249,P124,P106,2026-03-15 11:29:00,110,L018,background
C1250,P028,P130,2026-04-03 01:13:00,94,L005,background
C1251,P127,P068,2026-03-21 12:41:00,95,L015,background
C1252,P065,P045,2026-01-22 08:32:00,48,L002,background
C1253,P035,P146,2026-02-04 13:53:00,156,L011,background
C1254,P079,P074,2026-06-11 10:36:00,57,L020,background
C1255,P058,P130,2026-04-12 03:55:00,106,L009,background
C1256,P072,P069,2026-04-17 21:00:00,65,L017,background
C1257,P025,P150,2026-01-18 10:46:00,51,L010,background
C1258,P025,P139,2026-03-06 14:07:00,31,L015,background
C1259,P138,P036,2026-03-17 12:59:00,109,L009,background
C1260,P008,P124,2026-01-02 10:34:00,70,L014,background
C1261,P015,P028,2026-06-26 11:36:00,52,L014,background
C1262,P064,P063,2026-01-17 11:58:00,79,L014,background
C1263,P123,P018,2026-02-11 04:07:00,28,L020,background
C1264,P036,P022,2026-02-26 13:49:00,97,L013,background
C1265,P130,P025,2026-01-12 10:03:00,39,L010,background
C1266,P072,P127,2026-06-29 04:55:00,50,L018,background
C1267,P050,P011,2026-02-23 08:08:00,308,L010,background
C1268,P077,P136,2026-04-09 13:30:00,96,L010,background
C1269,P053,P072,2026-06-12 16:01:00,152,L003,background
C1270,P015,P064,2026-05-17 12:26:00,105,L017,background
C1271,P050,P033,2026-03-09 04:39:00,92,L017,background
C1272,P107,P014,2026-04-21 13:01:00,119,L017,background
C1273,P049,P100,2026-02-04 03:48:00,26,L016,background
C1274,P109,P119,2026-05-29 04:49:00,54,L007,background
C1275,P032,P043,2026-03-01 07:33:00,123,L004,background
C1276,P129,P111,2026-03-25 12:49:00,69,L006,background
C1277,P099,P050,2026-05-25 14:42:00,136,L013,background
C1278,P038,P124,2026-06-12 12:31:00,61,L019,background
C1279,P128,P068,2026-03-18 21:48:00,47,L005,background
C1280,P001,P147,2026-06-03 06:41:00,73,L005,background
C1281,P067,P018,2026-03-31 23:24:00,74,L002,background
C1282,P088,P081,2026-05-10 15:26:00,89,L004,background
C1283,P010,P111,2026-06-11 04:29:00,283,L012,background
C1284,P021,P055,2026-02-04 23:39:00,43,L014,background
C1285,P038,P060,2026-05-12 07:54:00,87,L002,background
C1286,P116,P077,2026-06-09 07:41:00,138,L019,background
C1287,P040,P144,2026-05-24 16:34:00,154,L015,background
C1288,P114,P106,2026-01-18 19:29:00,123,L018,background
C1289,P067,P127,2026-06-03 01:55:00,40,L003,background
C1290,P033,P071,2026-02-26 01:30:00,205,L001,background
C1291,P063,P054,2026-02-06 16:00:00,79,L018,background
C1292,P047,P063,2026-05-24 07:32:00,38,L008,background
C1293,P033,P084,2026-02-05 11:30:00,34,L019,background
C1294,P017,P091,2026-03-19 09:23:00,171,L014,background
C1295,P150,P133,2026-04-06 19:15:00,183,L007,background
C1296,P150,P123,2026-05-12 05:41:00,31,L012,background
C1297,P068,P021,2026-04-07 09:46:00,109,L010,background
C1298,P080,P046,2026-01-23 06:34:00,41,L002,background
C1299,P023,P004,2026-03-06 06:03:00,131,L016,background
C1300,P056,P073,2026-05-24 19:05:00,87,L002,background
C1301,P060,P021,2026-02-02 10:35:00,117,L014,background
C1302,P040,P057,2026-05-14 02:37:00,81,L002,background
C1303,P125,P103,2026-01-21 14:24:00,73,L013,background
C1304,P014,P129,2026-04-24 17:28:00,51,L002,background
C1305,P079,P040,2026-06-12 12:07:00,95,L015,background
C1306,P015,P089,2026-05-03 00:11:00,82,L004,background
C1307,P124,P089,2026-01-07 07:23:00,61,L009,background
C1308,P145,P108,2026-04-10 18:07:00,29,L005,background
C1309,P003,P090,2026-04-27 10:52:00,122,L004,background
C1310,P148,P108,2026-06-04 12:41:00,43,L011,background
C1311,P144,P052,2026-06-26 14:13:00,35,L002,background
C1312,P141,P131,2026-04-03 21:07:00,68,L007,background
C1313,P087,P114,2026-03-28 05:34:00,139,L001,background
C1314,P065,P030,2026-04-19 11:38:00,195,L017,background
C1315,P048,P094,2026-01-04 22:33:00,83,L018,background
C1316,P080,P019,2026-06-19 07:34:00,81,L008,background
C1317,P117,P033,2026-03-28 00:56:00,21,L002,background
C1318,P003,P072,2026-05-10 12:43:00,244,L009,background
C1319,P038,P137,2026-04-10 04:22:00,102,L005,background
C1320,P029,P104,2026-03-15 01:40:00,79,L004,background
C1321,P142,P027,2026-04-10 06:41:00,117,L016,background
C1322,P146,P136,2026-06-28 02:55:00,78,L014,background
C1323,P122,P101,2026-06-19 11:32:00,267,L005,background
C1324,P114,P046,2026-01-21 16:19:00,116,L012,background
C1325,P007,P089,2026-01-31 20:06:00,164,L014,background
C1326,P140,P096,2026-02-13 20:47:00,119,L017,background
C1327,P037,P043,2026-02-19 16:42:00,45,L003,background
C1328,P001,P059,2026-06-03 02:22:00,67,L016,background
C1329,P037,P098,2026-02-11 12:17:00,191,L003,background
C1330,P111,P071,2026-04-21 21:23:00,99,L003,background
C1331,P108,P056,2026-03-15 23:47:00,83,L012,background
C1332,P083,P147,2026-05-07 15:27:00,54,L011,background
C1333,P047,P018,2026-01-11 05:16:00,187,L010,background
C1334,P105,P072,2026-05-07 05:52:00,140,L012,background
C1335,P010,P112,2026-03-24 21:56:00,133,L013,background
C1336,P083,P146,2026-03-28 21:13:00,197,L015,background
C1337,P134,P131,2026-01-22 19:09:00,35,L004,background
C1338,P063,P092,2026-01-13 10:12:00,60,L008,background
C1339,P055,P150,2026-06-29 06:15:00,154,L006,background
C1340,P043,P007,2026-06-12 20:59:00,103,L004,background
C1341,P046,P050,2026-06-18 21:29:00,135,L012,background
C1342,P046,P059,2026-06-14 05:43:00,88,L015,background
C1343,P065,P091,2026-05-30 00:23:00,53,L003,background
C1344,P017,P089,2026-03-03 13:49:00,65,L007,background
C1345,P072,P121,2026-05-22 19:15:00,44,L019,background
C1346,P094,P131,2026-02-12 03:05:00,83,L020,background
C1347,P138,P097,2026-02-06 18:28:00,42,L011,background
C1348,P069,P078,2026-02-16 13:59:00,57,L017,background
C1349,P114,P111,2026-03-17 08:08:00,75,L013,background
C1350,P038,P006,2026-03-10 04:48:00,220,L018,background
C1351,P050,P001,2026-06-22 13:49:00,303,L012,network_pattern
C1352,P021,P050,2026-04-26 03:24:00,254,L013,network_pattern
C1353,P013,P007,2026-01-23 20:17:00,393,L017,network_pattern
C1354,P001,P050,2026-06-18 06:20:00,636,L012,network_pattern
C1355,P001,P050,2026-01-13 19:28:00,408,L013,network_pattern
C1356,P021,P001,2026-01-28 10:57:00,851,L002,network_pattern
C1357,P007,P013,2026-03-17 18:27:00,127,L020,network_pattern
C1358,P013,P050,2026-01-11 04:37:00,873,L019,network_pattern
C1359,P013,P021,2026-06-08 17:00:00,237,L010,network_pattern
C1360,P013,P007,2026-06-18 11:10:00,466,L005,network_pattern
C1361,P013,P021,2026-05-18 21:09:00,708,L018,network_pattern
C1362,P001,P050,2026-01-24 00:43:00,115,L012,network_pattern
C1363,P021,P013,2026-06-16 14:10:00,405,L005,network_pattern
C1364,P007,P013,2026-02-26 15:46:00,484,L003,network_pattern
C1365,P007,P013,2026-02-14 00:43:00,774,L007,network_pattern
C1366,P021,P050,2026-04-02 11:04:00,88,L006,network_pattern
C1367,P013,P021,2026-03-20 22:19:00,169,L017,network_pattern
C1368,P007,P001,2026-02-01 10:03:00,685,L012,network_pattern
C1369,P050,P007,2026-02-18 16:23:00,510,L011,network_pattern
C1370,P001,P021,2026-06-02 14:46:00,682,L016,network_pattern
C1371,P007,P001,2026-04-10 09:23:00,146,L013,network_pattern
C1372,P007,P050,2026-02-27 11:03:00,279,L001,network_pattern
C1373,P050,P021,2026-03-29 23:18:00,695,L018,network_pattern
C1374,P021,P007,2026-06-17 16:39:00,438,L006,network_pattern
C1375,P013,P007,2026-03-18 03:49:00,587,L006,network_pattern
C1376,P007,P001,2026-02-11 17:58:00,308,L007,network_pattern
C1377,P001,P013,2026-01-04 06:51:00,589,L020,network_pattern
C1378,P050,P021,2026-05-31 01:22:00,599,L008,network_pattern
C1379,P021,P007,2026-05-21 16:57:00,448,L016,network_pattern
C1380,P050,P021,2026-05-19 00:35:00,331,L010,network_pattern
C1381,P021,P013,2026-05-08 18:14:00,514,L006,network_pattern
C1382,P021,P050,2026-02-24 23:02:00,63,L002,network_pattern
C1383,P021,P007,2026-04-02 20:09:00,745,L019,network_pattern
C1384,P050,P007,2026-06-25 04:05:00,597,L015,network_pattern
C1385,P007,P050,2026-02-06 18:30:00,742,L005,network_pattern
C1386,P038,P034,2026-03-29 00:34:00,259,L001,network_pattern
C1387,P050,P042,2026-06-23 06:35:00,266,L003,network_pattern
C1388,P038,P050,2026-02-08 17:50:00,826,L013,network_pattern
C1389,P038,P042,2026-06-27 18:12:00,712,L002,network_pattern
C1390,P042,P038,2026-05-19 00:57:00,236,L012,network_pattern
C1391,P050,P042,2026-03-07 12:12:00,656,L008,network_pattern
C1392,P034,P042,2026-01-04 21:06:00,607,L004,network_pattern
C1393,P031,P042,2026-03-09 22:30:00,323,L020,network_pattern
C1394,P042,P031,2026-01-17 17:28:00,74,L002,network_pattern
C1395,P031,P038,2026-03-07 17:01:00,505,L004,network_pattern
C1396,P031,P042,2026-05-27 08:11:00,91,L010,network_pattern
C1397,P042,P031,2026-01-06 01:40:00,774,L007,network_pattern
C1398,P042,P034,2026-06-01 15:14:00,309,L006,network_pattern
C1399,P031,P050,2026-02-16 03:15:00,295,L020,network_pattern
C1400,P050,P038,2026-05-24 09:17:00,745,L006,network_pattern
C1401,P038,P042,2026-06-06 10:56:00,373,L006,network_pattern
C1402,P038,P050,2026-04-20 21:15:00,417,L013,network_pattern
C1403,P050,P038,2026-06-23 09:34:00,77,L005,network_pattern
C1404,P042,P038,2026-03-12 13:46:00,736,L014,network_pattern
C1405,P034,P031,2026-06-26 00:12:00,536,L016,network_pattern
C1406,P042,P034,2026-06-23 12:55:00,397,L012,network_pattern
C1407,P038,P034,2026-03-25 23:40:00,638,L018,network_pattern
C1408,P050,P042,2026-05-12 15:56:00,229,L007,network_pattern
C1409,P050,P038,2026-03-16 15:39:00,883,L006,network_pattern
C1410,P031,P038,2026-04-16 05:06:00,782,L014,network_pattern
C1411,P034,P038,2026-03-20 14:31:00,89,L016,network_pattern
C1412,P038,P034,2026-06-14 04:35:00,724,L006,network_pattern
C1413,P050,P042,2026-04-28 19:39:00,606,L015,network_pattern
C1414,P038,P042,2026-05-21 12:07:00,564,L004,network_pattern
C1415,P034,P050,2026-02-01 13:15:00,264,L012,network_pattern
C1416,P034,P038,2026-02-23 17:11:00,247,L010,network_pattern
C1417,P042,P034,2026-06-27 08:01:00,232,L003,network_pattern
C1418,P050,P034,2026-03-03 20:06:00,96,L002,network_pattern
C1419,P042,P034,2026-05-18 22:28:00,888,L011,network_pattern
C1420,P050,P034,2026-05-17 09:55:00,196,L017,network_pattern
C1421,P051,P061,2026-05-23 00:49:00,491,L016,network_pattern
C1422,P090,P057,2026-01-22 13:54:00,118,L013,network_pattern
C1423,P066,P051,2026-05-19 17:59:00,401,L006,network_pattern
C1424,P051,P066,2026-05-16 11:40:00,227,L014,network_pattern
C1425,P061,P057,2026-06-05 08:05:00,327,L010,network_pattern
C1426,P090,P057,2026-01-18 01:18:00,332,L016,network_pattern
C1427,P090,P061,2026-05-11 10:42:00,129,L020,network_pattern
C1428,P090,P066,2026-04-23 20:14:00,365,L015,network_pattern
C1429,P051,P066,2026-06-17 14:12:00,703,L012,network_pattern
C1430,P051,P066,2026-05-20 02:53:00,248,L006,network_pattern
C1431,P051,P090,2026-02-01 10:00:00,630,L012,network_pattern
C1432,P051,P090,2026-02-02 12:56:00,191,L020,network_pattern
C1433,P066,P051,2026-05-02 16:05:00,650,L015,network_pattern
C1434,P051,P066,2026-03-23 16:32:00,226,L002,network_pattern
C1435,P090,P061,2026-06-15 01:20:00,601,L008,network_pattern
C1436,P051,P090,2026-06-29 03:19:00,661,L018,network_pattern
C1437,P051,P090,2026-04-05 20:39:00,134,L016,network_pattern
C1438,P066,P061,2026-06-07 03:03:00,829,L014,network_pattern
C1439,P066,P057,2026-01-06 03:13:00,842,L016,network_pattern
C1440,P061,P051,2026-04-01 10:45:00,553,L001,network_pattern
C1441,P066,P051,2026-03-31 19:19:00,432,L017,network_pattern
C1442,P057,P051,2026-06-16 20:31:00,544,L013,network_pattern
C1443,P057,P061,2026-03-01 17:16:00,711,L012,network_pattern
C1444,P051,P057,2026-05-24 09:34:00,414,L001,network_pattern
C1445,P066,P057,2026-02-06 16:59:00,687,L008,network_pattern
C1446,P051,P057,2026-02-04 11:57:00,209,L015,network_pattern
C1447,P061,P057,2026-06-16 15:43:00,109,L003,network_pattern
C1448,P051,P061,2026-03-30 05:50:00,402,L001,network_pattern
C1449,P061,P090,2026-06-06 13:55:00,486,L013,network_pattern
C1450,P090,P061,2026-02-18 11:42:00,401,L016,network_pattern
C1451,P057,P051,2026-04-14 02:43:00,548,L017,network_pattern
C1452,P057,P090,2026-02-05 04:57:00,663,L020,network_pattern
C1453,P066,P090,2026-03-30 01:10:00,376,L016,network_pattern
C1454,P051,P090,2026-03-03 10:33:00,859,L010,network_pattern
C1455,P090,P057,2026-01-23 14:53:00,793,L007,network_pattern
C1456,P071,P091,2026-05-10 20:30:00,845,L013,network_pattern
C1457,P078,P090,2026-02-20 15:47:00,687,L020,network_pattern
C1458,P091,P078,2026-02-18 23:20:00,331,L019,network_pattern
C1459,P071,P090,2026-01-10 02:01:00,343,L016,network_pattern
C1460,P091,P071,2026-03-07 12:15:00,736,L018,network_pattern
C1461,P090,P078,2026-01-28 21:07:00,571,L013,network_pattern
C1462,P090,P083,2026-02-19 08:48:00,115,L019,network_pattern
C1463,P071,P078,2026-01-24 11:19:00,442,L017,network_pattern
C1464,P083,P091,2026-06-02 05:21:00,845,L011,network_pattern
C1465,P071,P078,2026-04-08 15:52:00,60,L003,network_pattern
C1466,P078,P090,2026-01-23 13:19:00,779,L020,network_pattern
C1467,P090,P078,2026-06-23 15:44:00,740,L019,network_pattern
C1468,P090,P078,2026-04-10 18:12:00,253,L018,network_pattern
C1469,P091,P071,2026-01-13 09:45:00,237,L020,network_pattern
C1470,P090,P091,2026-05-05 00:26:00,173,L017,network_pattern
C1471,P071,P091,2026-06-27 18:47:00,403,L002,network_pattern
C1472,P083,P090,2026-02-25 15:08:00,441,L004,network_pattern
C1473,P091,P071,2026-05-05 17:34:00,582,L020,network_pattern
C1474,P091,P078,2026-04-18 10:04:00,612,L004,network_pattern
C1475,P091,P083,2026-04-10 11:53:00,496,L006,network_pattern
C1476,P071,P083,2026-05-26 03:49:00,314,L015,network_pattern
C1477,P078,P091,2026-06-15 20:28:00,856,L013,network_pattern
C1478,P090,P078,2026-05-11 18:54:00,577,L013,network_pattern
C1479,P090,P083,2026-01-12 04:19:00,592,L014,network_pattern
C1480,P083,P078,2026-02-18 06:43:00,758,L016,network_pattern
C1481,P071,P083,2026-06-08 02:40:00,439,L013,network_pattern
C1482,P078,P091,2026-04-23 01:29:00,167,L008,network_pattern
C1483,P071,P083,2026-05-23 22:03:00,351,L014,network_pattern
C1484,P083,P090,2026-02-10 18:42:00,517,L019,network_pattern
C1485,P078,P083,2026-03-04 15:27:00,292,L007,network_pattern
C1486,P078,P090,2026-06-07 17:13:00,392,L010,network_pattern
C1487,P078,P071,2026-02-11 23:35:00,83,L001,network_pattern
C1488,P091,P071,2026-03-06 20:43:00,725,L017,network_pattern
C1489,P083,P091,2026-04-27 21:55:00,252,L018,network_pattern
C1490,P090,P083,2026-03-28 19:39:00,816,L015,network_pattern
C1491,P113,P117,2026-03-25 03:43:00,76,L018,network_pattern
C1492,P113,P125,2026-05-05 08:29:00,342,L005,network_pattern
C1493,P108,P129,2026-02-07 11:54:00,497,L004,network_pattern
C1494,P121,P104,2026-05-16 01:50:00,821,L014,network_pattern
C1495,P125,P101,2026-06-25 17:32:00,598,L005,network_pattern
C1496,P113,P101,2026-06-19 19:49:00,311,L008,network_pattern
C1497,P101,P125,2026-04-14 02:53:00,718,L006,network_pattern
C1498,P129,P117,2026-03-05 00:56:00,113,L009,network_pattern
C1499,P104,P117,2026-06-24 19:28:00,884,L020,network_pattern
C1500,P108,P104,2026-06-16 03:44:00,734,L004,network_pattern
C1501,P101,P125,2026-02-13 23:11:00,61,L014,network_pattern
C1502,P129,P104,2026-01-11 05:08:00,417,L014,network_pattern
C1503,P104,P129,2026-03-28 16:33:00,440,L019,network_pattern
C1504,P117,P129,2026-06-02 02:53:00,871,L001,network_pattern
C1505,P125,P117,2026-01-15 22:05:00,153,L006,network_pattern
C1506,P129,P121,2026-02-24 01:22:00,186,L013,network_pattern
C1507,P113,P108,2026-05-24 04:53:00,823,L001,network_pattern
C1508,P104,P121,2026-02-12 02:15:00,207,L016,network_pattern
C1509,P101,P125,2026-06-08 11:54:00,388,L014,network_pattern
C1510,P129,P113,2026-01-18 22:21:00,76,L015,network_pattern
C1511,P121,P104,2026-03-06 16:38:00,697,L020,network_pattern
C1512,P104,P101,2026-05-18 00:29:00,434,L019,network_pattern
C1513,P121,P129,2026-02-12 20:59:00,654,L004,network_pattern
C1514,P108,P121,2026-02-08 15:25:00,768,L007,network_pattern
C1515,P113,P108,2026-01-24 12:02:00,170,L005,network_pattern
C1516,P117,P125,2026-02-02 21:31:00,525,L009,network_pattern
C1517,P121,P129,2026-02-14 20:23:00,270,L004,network_pattern
C1518,P117,P113,2026-06-17 11:16:00,656,L017,network_pattern
C1519,P125,P113,2026-06-06 02:48:00,590,L011,network_pattern
C1520,P113,P108,2026-02-20 10:45:00,367,L010,network_pattern
C1521,P104,P121,2026-03-05 20:09:00,126,L020,network_pattern
C1522,P108,P121,2026-02-28 09:25:00,612,L018,network_pattern
C1523,P104,P101,2026-06-07 21:33:00,791,L014,network_pattern
C1524,P117,P101,2026-04-28 08:02:00,312,L007,network_pattern
C1525,P129,P108,2026-04-23 02:56:00,467,L016,network_pattern
C1526,P013,P050,2026-05-04 00:08:00,156,L017,bridge_pattern
C1527,P013,P050,2026-03-14 02:51:00,174,L017,bridge_pattern
C1528,P013,P050,2026-03-02 19:39:00,463,L017,bridge_pattern
C1529,P013,P050,2026-01-05 05:15:00,205,L017,bridge_pattern
C1530,P013,P050,2026-01-30 09:19:00,541,L017,bridge_pattern
C1531,P013,P050,2026-06-28 22:29:00,302,L017,bridge_pattern
C1532,P013,P050,2026-05-09 09:36:00,519,L017,bridge_pattern
C1533,P013,P050,2026-02-05 17:57:00,433,L017,bridge_pattern
C1534,P013,P050,2026-02-03 06:19:00,388,L017,bridge_pattern
C1535,P013,P050,2026-06-08 00:22:00,212,L017,bridge_pattern
C1536,P013,P050,2026-03-04 12:24:00,135,L017,bridge_pattern
C1537,P013,P050,2026-03-21 09:35:00,451,L017,bridge_pattern
C1538,P013,P050,2026-04-12 21:31:00,112,L017,bridge_pattern
C1539,P013,P050,2026-06-13 23:37:00,451,L017,bridge_pattern
C1540,P013,P050,2026-05-25 10:37:00,517,L017,bridge_pattern
C1541,P050,P034,2026-05-02 16:04:00,329,L017,bridge_pattern
C1542,P050,P034,2026-03-21 12:47:00,403,L017,bridge_pattern
C1543,P050,P034,2026-01-31 14:34:00,478,L017,bridge_pattern
C1544,P050,P034,2026-03-05 00:34:00,594,L017,bridge_pattern
C1545,P050,P034,2026-06-23 16:56:00,433,L017,bridge_pattern
C1546,P050,P034,2026-03-05 13:01:00,349,L017,bridge_pattern
C1547,P050,P034,2026-04-20 06:41:00,244,L017,bridge_pattern
C1548,P050,P034,2026-02-18 05:39:00,112,L017,bridge_pattern
C1549,P050,P034,2026-04-15 03:55:00,564,L017,bridge_pattern
C1550,P050,P034,2026-03-05 08:09:00,164,L017,bridge_pattern
C1551,P050,P034,2026-01-23 05:25:00,537,L017,bridge_pattern
C1552,P050,P034,2026-04-13 20:34:00,84,L017,bridge_pattern
C1553,P050,P034,2026-02-26 21:42:00,496,L017,bridge_pattern
C1554,P050,P034,2026-01-30 11:33:00,545,L017,bridge_pattern
C1555,P050,P034,2026-03-08 20:26:00,523,L017,bridge_pattern
C1556,P066,P090,2026-06-11 04:18:00,147,L017,bridge_pattern
C1557,P066,P090,2026-01-17 23:12:00,414,L017,bridge_pattern
C1558,P066,P090,2026-02-19 13:27:00,375,L017,bridge_pattern
C1559,P066,P090,2026-03-07 04:41:00,456,L017,bridge_pattern
C1560,P066,P090,2026-05-29 21:28:00,75,L017,bridge_pattern
C1561,P066,P090,2026-01-17 05:30:00,84,L017,bridge_pattern
C1562,P066,P090,2026-02-13 11:52:00,442,L017,bridge_pattern
C1563,P066,P090,2026-01-21 20:48:00,307,L017,bridge_pattern
C1564,P066,P090,2026-03-22 03:08:00,571,L017,bridge_pattern
C1565,P066,P090,2026-05-25 21:59:00,233,L017,bridge_pattern
C1566,P066,P090,2026-03-01 01:57:00,514,L017,bridge_pattern
C1567,P066,P090,2026-06-22 13:39:00,537,L017,bridge_pattern
C1568,P066,P090,2026-05-18 11:13:00,529,L017,bridge_pattern
C1569,P066,P090,2026-05-18 03:23:00,157,L017,bridge_pattern
C1570,P066,P090,2026-03-07 14:28:00,399,L017,bridge_pattern
C1571,P090,P078,2026-05-04 08:01:00,260,L017,bridge_pattern
C1572,P090,P078,2026-03-01 08:04:00,307,L017,bridge_pattern
C1573,P090,P078,2026-01-06 21:07:00,97,L017,bridge_pattern
C1574,P090,P078,2026-03-10 10:38:00,212,L017,bridge_pattern
C1575,P090,P078,2026-02-10 17:27:00,443,L017,bridge_pattern
C1576,P090,P078,2026-05-12 11:21:00,558,L017,bridge_pattern
C1577,P090,P078,2026-05-17 10:22:00,302,L017,bridge_pattern
C1578,P090,P078,2026-01-22 16:09:00,555,L017,bridge_pattern
C1579,P090,P078,2026-06-20 09:09:00,113,L017,bridge_pattern
C1580,P090,P078,2026-01-01 19:46:00,486,L017,bridge_pattern
C1581,P090,P078,2026-05-27 05:09:00,440,L017,bridge_pattern
C1582,P090,P078,2026-03-06 10:14:00,87,L017,bridge_pattern
C1583,P090,P078,2026-02-07 13:57:00,526,L017,bridge_pattern
C1584,P090,P078,2026-06-21 10:31:00,88,L017,bridge_pattern
C1585,P090,P078,2026-04-07 00:05:00,580,L017,bridge_pattern
C1586,P044,P029,2026-05-14 06:39:00,253,L017,communication_spike
C1587,P044,P149,2026-05-14 15:46:00,293,L001,communication_spike
C1588,P044,P134,2026-05-14 16:20:00,213,L017,communication_spike
C1589,P044,P105,2026-05-14 00:56:00,156,L001,communication_spike
C1590,P044,P110,2026-05-14 04:59:00,109,L002,communication_spike
C1591,P044,P003,2026-05-14 00:27:00,299,L002,communication_spike
C1592,P044,P052,2026-05-14 21:49:00,318,L017,communication_spike
C1593,P044,P121,2026-05-14 00:20:00,401,L002,communication_spike
C1594,P044,P095,2026-05-14 01:22:00,179,L002,communication_spike
C1595,P044,P129,2026-05-14 20:14:00,41,L001,communication_spike
C1596,P044,P018,2026-05-14 20:38:00,315,L017,communication_spike
C1597,P044,P077,2026-05-14 09:13:00,137,L017,communication_spike
C1598,P044,P027,2026-05-14 07:26:00,195,L002,communication_spike
C1599,P044,P078,2026-05-14 16:24:00,242,L017,communication_spike
C1600,P044,P032,2026-05-14 18:01:00,36,L017,communication_spike
C1601,P044,P133,2026-05-14 06:00:00,175,L017,communication_spike
C1602,P044,P046,2026-05-14 03:15:00,313,L002,communication_spike
C1603,P044,P148,2026-05-14 13:05:00,419,L001,communication_spike
C1604,P044,P046,2026-05-14 17:50:00,166,L002,communication_spike
C1605,P044,P145,2026-05-14 14:46:00,250,L002,communication_spike
C1606,P044,P136,2026-05-14 12:38:00,28,L017,communication_spike
C1607,P044,P029,2026-05-14 16:53:00,396,L002,communication_spike
C1608,P044,P129,2026-05-14 11:22:00,340,L002,communication_spike
C1609,P044,P001,2026-05-14 13:54:00,79,L001,communication_spike
C1610,P044,P131,2026-05-14 12:31:00,141,L017,communication_spike
C1611,P044,P059,2026-05-14 17:07:00,71,L002,communication_spike
C1612,P044,P036,2026-05-14 23:12:00,238,L001,communication_spike
C1613,P044,P122,2026-05-14 13:01:00,348,L017,communication_spike
C1614,P044,P041,2026-05-14 15:59:00,97,L001,communication_spike
C1615,P044,P116,2026-05-14 20:35:00,289,L001,communication_spike
C1616,P044,P012,2026-05-14 07:17:00,255,L017,communication_spike
C1617,P044,P071,2026-05-14 06:57:00,373,L017,communication_spike
C1618,P044,P108,2026-05-14 08:42:00,207,L002,communication_spike
C1619,P044,P143,2026-05-14 16:37:00,277,L002,communication_spike
C1620,P044,P117,2026-05-14 07:43:00,216,L001,communication_spike
C1621,P044,P025,2026-05-14 14:13:00,409,L002,communication_spike
C1622,P044,P126,2026-05-14 02:26:00,271,L002,communication_spike
C1623,P044,P144,2026-05-14 20:15:00,123,L017,communication_spike
C1624,P044,P003,2026-05-14 20:22:00,285,L001,communication_spike
C1625,P044,P079,2026-05-14 11:18:00,137,L017,communication_spike
C1626,P044,P045,2026-05-14 20:02:00,283,L001,communication_spike
C1627,P044,P033,2026-05-14 17:32:00,37,L001,communication_spike
C1628,P044,P043,2026-05-14 11:00:00,271,L017,communication_spike
C1629,P044,P057,2026-05-14 18:57:00,329,L002,communication_spike
C1630,P044,P004,2026-05-14 07:19:00,228,L002,communication_spike
C1631,P044,P134,2026-05-14 04:41:00,348,L017,communication_spike
C1632,P044,P133,2026-05-14 01:37:00,355,L001,communication_spike
C1633,P044,P111,2026-05-14 18:30:00,260,L002,communication_spike
C1634,P044,P117,2026-05-14 20:34:00,193,L002,communication_spike
C1635,P044,P120,2026-05-14 08:53:00,227,L001,communication_spike
C1636,P044,P130,2026-05-14 04:39:00,293,L017,communication_spike
C1637,P044,P056,2026-05-14 18:13:00,319,L017,communication_spike
C1638,P044,P089,2026-05-14 04:05:00,99,L002,communication_spike
C1639,P044,P015,2026-05-14 08:04:00,267,L017,communication_spike
C1640,P044,P124,2026-05-14 04:12:00,353,L017,communication_spike
C1641,P044,P019,2026-05-14 20:33:00,384,L002,communication_spike
C1642,P044,P133,2026-05-14 21:32:00,269,L002,communication_spike
C1643,P044,P081,2026-05-14 22:53:00,257,L001,communication_spike
C1644,P044,P010,2026-05-14 08:37:00,31,L001,communication_spike
C1645,P044,P129,2026-05-14 03:25:00,149,L002,communication_spike
C1646,P044,P054,2026-05-14 04:14:00,248,L002,communication_spike
C1647,P044,P117,2026-05-14 16:24:00,348,L002,communication_spike
C1648,P044,P061,2026-05-14 08:38:00,138,L017,communication_spike
C1649,P044,P003,2026-05-14 14:03:00,174,L002,communication_spike
C1650,P044,P067,2026-05-14 08:03:00,317,L001,communication_spike
C1651,P044,P067,2026-05-14 12:43:00,361,L017,communication_spike
C1652,P044,P127,2026-05-14 23:38:00,363,L002,communication_spike
C1653,P044,P116,2026-05-14 22:43:00,387,L002,communication_spike
C1654,P044,P027,2026-05-14 02:19:00,407,L017,communication_spike
C1655,P044,P149,2026-05-14 14:09:00,223,L001,communication_spike
C1656,P044,P132,2026-05-14 05:20:00,89,L002,communication_spike
C1657,P044,P138,2026-05-14 14:34:00,72,L001,communication_spike
C1658,P044,P066,2026-05-14 14:57:00,349,L002,communication_spike
