person_id,name,alias,age,city,home_location_id,organization_id
P001,Arjun Mehta,AJ,43,Pune,L013,O008
P002,Sameer Shaikh,,46,Nashik,L010,O001
P003,Rahul Gupta,,21,Nagpur,L011,O004
P004,Imran Kulkarni,,40,Pune,L020,O006
P005,Vikram Bhosale,,34,Nagpur,L011,O009
P006,Rohan Deshmukh,,22,Nagpur,L011,O008
P007,Aditya Chavan,Sam,54,Mumbai,L008,O010
P008,Karan Joshi,,21,Nashik,L010,O007
P009,Nikhil Pawar,,23,Mumbai,L009,O003
P010,Aman Patil,,47,Nashik,L010,O010
P011,Sahil Singh,,51,Pune,L012,O005
P012,Manish Khan,,39,Nashik,L010,O004
P013,Pranav Jadhav,,44,Pune,L017,O003
P014,Faizan Sharma,,50,Pune,L018,O006
P015,Yash More,,51,Nagpur,L011,O004
P016,Mohit Mehta,,59,Nashik,L010,O009
P017,Varun Shaikh,,57,Nagpur,L011,O006
P018,Irfan Gupta,,60,Pune,L013,O007
P019,Kabir Kulkarni,,38,Pune,L003,O007
P020,Aarav Bhosale,,25,Nagpur,L011,O004
P021,Arjun Deshmukh,,25,Pune,L020,O002
P022,Sameer Chavan,,61,Mumbai,L009,O008
P023,Rahul Joshi,,62,Nagpur,L011,O010
P024,Imran Pawar,,49,Mumbai,L008,O010
P025,Vikram Patil,,47,Mumbai,L009,O002
P026,Rohan Singh,,25,Mumbai,L009,O003
P027,Aditya Khan,,49,Nashik,L010,O009
P028,Karan Jadhav,,29,Nashik,L010,O002
P029,Nikhil Sharma,,58,Nashik,L010,O009
P030,Aman More,,25,Nashik,L010,O004
P031,Sahil Mehta,IK,33,Nashik,L010,O005
P032,Manish Shaikh,,29,Nashik,L010,O010
P033,Pranav Gupta,,45,Nagpur,L011,O009
P034,Faizan Kulkarni,,56,Pune,L018,O006
P035,Yash Bhosale,,36,Pune,L001,O003
P036,Mohit Deshmukh,,47,Pune,L016,O006
P037,Varun Chavan,,33,Nashik,L010,O001
P038,Irfan Joshi,,38,Nagpur,L011,O008
P039,Kabir Pawar,,41,Nashik,L010,O005
P040,Aarav Patil,,38,Pune,L016,O006
P041,Arjun Singh,,50,Nashik,L010,O001
P042,Sameer Khan,,33,Nashik,L010,O001
P043,Rahul Jadhav,,50,Nagpur,L011,O001
P044,Imran Sharma,,58,Mumbai,L008,O005
P045,Vikram More,,41,Nashik,L010,O006
P046,Rohan Mehta,,24,Mumbai,L007,O008
P047,Aditya Shaikh,,37,Pune,L001,O004
P048,Karan Gupta,,39,Mumbai,L009,O009
P049,Nikhil Kulkarni,,44,Pune,L016,O006
P050,Aman Bhosale,Bridge,40,Pune,L016,O009
P051,Sahil Deshmukh,,50,Nashik,L010,O010
P052,Manish Chavan,,35,Nagpur,L011,O007
P053,Pranav Joshi,,36,Nashik,L010,O006
P054,Faizan Pawar,,21,Nashik,L010,O006
P055,Yash Patil,,23,Pune,L004,O004
P056,Mohit Singh,,53,Pune,L015,O008
P057,Varun Khan,,60,Nashik,L010,O004
P058,Irfan Jadhav,,29,Nagpur,L011,O009
P059,Kabir Sharma,,38,Mumbai,L008,O004
P060,Aarav More,,43,Nashik,L010,O004
P061,Arjun Mehta 2,,31,Pune,L013,O006
P062,Sameer Shaikh 2,,29,Nashik,L010,O004
P063,Rahul Gupta 2,,35,Nagpur,L011,O009
P064,Imran Kulkarni 2,,59,Mumbai,L009,O003
P065,Vikram Bhosale 2,,41,Nashik,L010,O001
P066,Rohan Deshmukh 2,,57,Mumbai,L007,O002
P067,Aditya Chavan 2,,27,Mumbai,L008,O006
P068,Karan Joshi 2,,23,Nagpur,L011,O010
P069,Nikhil Pawar 2,,57,Nashik,L010,O005
P070,Aman Patil 2,,37,Mumbai,L009,O007
P071,Sahil Singh 2,R,60,Mumbai,L007,O004
P072,Manish Khan 2,,38,Nagpur,L011,O008
P073,Pranav Jadhav 2,,32,Pune,L016,O003
P074,Faizan Sharma 2,,41,Nashik,L010,O001
P075,Yash More 2,,45,Nagpur,L011,O010
P076,Mohit Mehta 2,,30,Mumbai,L008,O005
P077,Varun Shaikh 2,,42,Pune,L016,O006
P078,Irfan Gupta 2,,34,Mumbai,L008,O009
P079,Kabir Kulkarni 2,,37,Mumbai,L007,O003
P080,Aarav Bhosale 2,,24,Nagpur,L011,O009
P081,Arjun Deshmukh 2,,46,Nashik,L010,O010
P082,Sameer Chavan 2,,54,Nagpur,L011,O004
P083,Rahul Joshi 2,,26,Nagpur,L011,O002
P084,Imran Pawar 2,,40,Mumbai,L007,O007
P085,Vikram Patil 2,,23,Nagpur,L011,O005
P086,Rohan Singh 2,,55,Nagpur,L011,O008
P087,Aditya Khan 2,,29,Pune,L001,O002
P088,Karan Jadhav 2,,41,Pune,L012,O004
P089,Nikhil Sharma 2,,43,Mumbai,L008,O005
P090,Aman More 2,,24,Mumbai,L007,O003
P091,Sahil Mehta 2,,60,Mumbai,L009,O001
P092,Manish Shaikh 2,,55,Mumbai,L007,O002
P093,Pranav Gupta 2,,44,Nagpur,L011,O006
P094,Faizan Kulkarni 2,,23,Nashik,L010,O008
P095,Yash Bhosale 2,,58,Mumbai,L007,O008
P096,Mohit Deshmukh 2,,37,Mumbai,L009,O001
P097,Varun Chavan 2,,50,Mumbai,L008,O006
P098,Irfan Joshi 2,,25,Pune,L001,O007
P099,Kabir Pawar 2,,29,Nashik,L010,O004
P100,Aarav Patil 2,,55,Nagpur,L011,O007
P101,Arjun Singh 2,MK,51,Mumbai,L009,O007
P102,Sameer Khan 2,,29,Pune,L002,O010
P103,Rahul Jadhav 2,,35,Pune,L018,O005
P104,Imran Sharma 2,,35,Nagpur,L011,O001
P105,Vikram More 2,,21,Nashik,L010,O008
P106,Rohan Mehta 2,,35,Pune,L001,O008
P107,Aditya Shaikh 2,,37,Nagpur,L011,O010
P108,Karan Gupta 2,,39,Pune,L004,O003
P109,Nikhil Kulkarni 2,,38,Pune,L003,O004
P110,Aman Bhosale 2,,53,Nagpur,L011,O004
P111,Sahil Deshmukh 2,,30,Pune,L012,O006
P112,Manish Chavan 2,,62,Mumbai,L007,O002
P113,Pranav Joshi 2,,33,Pune,L003,O009
P114,Faizan Pawar 2,,45,Nagpur,L011,O004
P115,Yash Patil 2,,57,Mumbai,L008,O004
P116,Mohit Singh 2,,33,Nashik,L010,O010
P117,Varun Khan 2,,39,Mumbai,L007,O002
P118,Irfan Jadhav 2,,53,Mumbai,L007,O001
P119,Kabir Sharma 2,,21,Nagpur,L011,O006
P120,Aarav More 2,,46,Nagpur,L011,O001
P121,Arjun Mehta 3,,54,Pune,L019,O004
P122,Sameer Shaikh 3,,59,Nagpur,L011,O005
P123,Rahul Gupta 3,,29,Pune,L013,O001
P124,Imran Kulkarni 3,,27,Nashik,L010,O001
P125,Vikram Bhosale 3,,54,Nashik,L010,O010
P126,Rohan Deshmukh 3,,24,Nashik,L010,O010
P127,Aditya Chavan 3,,51,Nagpur,L011,O001
P128,Karan Joshi 3,,56,Nagpur,L011,O004
P129,Nikhil Pawar 3,,23,Pune,L003,O009
P130,Aman Patil 3,,42,Pune,L017,O001
P131,Sahil Singh 3,,57,Mumbai,L009,O007
P132,Manish Khan 3,,23,Mumbai,L009,O002
P133,Pranav Jadhav 3,,49,Nagpur,L011,O004
P134,Faizan Sharma 3,,57,Nashik,L010,O002
P135,Yash More 3,,50,Nagpur,L011,O005
P136,Mohit Mehta 3,,41,Nagpur,L011,O003
P137,Varun Shaikh 3,,41,Nashik,L010,O006
P138,Irfan Gupta 3,,23,Nashik,L010,O007
P139,Kabir Kulkarni 3,,52,Nagpur,L011,O003
P140,Aarav Bhosale 3,,21,Mumbai,L009,O004
P141,Arjun Deshmukh 3,,23,Nagpur,L011,O002
P142,Sameer Chavan 3,,54,Pune,L017,O009
P143,Rahul Joshi 3,,44,Pune,L014,O003
P144,Imran Pawar 3,,50,Mumbai,L009,O004
P145,Vikram Patil 3,,34,Pune,L015,O006
P146,Rohan Singh 3,,59,Nashik,L010,O009
P147,Aditya Khan 3,,50,Mumbai,L009,O003
P148,Karan Jadhav 3,,45,Nashik,L010,O001
P149,Nikhil Sharma 3,,25,Nashik,L010,O003
P150,Aman More 3,,41,Mumbai,L009,O005
