transaction_id,sender_id,receiver_id,amount,timestamp,transaction_type,pattern_tag
TX0001,P098,P082,50885.63,2026-04-26 00:33:00,Bank Transfer,background
TX0002,P144,P086,112324.11,2026-05-27 13:07:00,Bank Transfer,background
TX0003,P045,P090,69562.47,2026-06-08 22:57:00,Wallet,background
TX0004,P139,P056,55303.61,2026-03-22 15:36:00,UPI,background
TX0005,P038,P026,41516.61,2026-03-24 03:16:00,Wallet,background
TX0006,P093,P132,67077.88,2026-06-02 16:17:00,Wallet,background
TX0007,P043,P112,84151.08,2026-03-16 13:10:00,Bank Transfer,background
TX0008,P089,P063,62649.69,2026-05-14 23:26:00,Wallet,background
TX0009,P136,P088,97311.43,2026-04-30 04:06:00,UPI,background
TX0010,P125,P085,75512.54,2026-06-07 22:48:00,Bank Transfer,background
TX0011,P021,P091,65163.6,2026-03-31 20:57:00,Wallet,background
TX0012,P013,P018,6649.14,2026-04-20 22:07:00,UPI,background
TX0013,P059,P125,100454.2,2026-05-05 16:50:00,UPI,background
TX0014,P127,P112,136641.68,2026-04-13 22:47:00,Bank Transfer,background
TX0015,P124,P049,115252.28,2026-05-06 06:52:00,UPI,background
TX0016,P141,P069,127664.91,2026-06-15 18:41:00,Wallet,background
TX0017,P050,P110,43497.13,2026-03-22 00:28:00,Bank Transfer,background
TX0018,P148,P074,115806.79,2026-01-08 22:54:00,UPI,background
TX0019,P046,P068,51140.55,2026-03-30 08:51:00,Bank Transfer,background
TX0020,P003,P101,86163.26,2026-02-07 21:30:00,Bank Transfer,background
TX0021,P091,P060,99039.25,2026-04-01 18:32:00,Bank Transfer,background
TX0022,P137,P095,144639.64,2026-04-16 00:08:00,Bank Transfer,background
TX0023,P023,P050,84633.79,2026-03-05 08:42:00,Bank Transfer,background
TX0024,P108,P088,131671.21,2026-06-22 01:45:00,Wallet,background
TX0025,P012,P138,107306.18,2026-03-18 04:24:00,UPI,background
TX0026,P026,P061,50599.73,2026-05-07 18:23:00,Wallet,background
TX0027,P046,P063,134486.31,2026-01-16 05:12:00,UPI,background
TX0028,P014,P020,103510.66,2026-05-23 01:25:00,Wallet,background
TX0029,P024,P141,94108.11,2026-04-30 01:09:00,Wallet,background
TX0030,P017,P123,98244.75,2026-05-19 10:01:00,Bank Transfer,background
TX0031,P052,P018,59033.44,2026-06-08 16:25:00,UPI,background
TX0032,P027,P064,28209.16,2026-03-26 08:57:00,Wallet,background
TX0033,P088,P041,61124.72,2026-03-06 11:26:00,Bank Transfer,background
TX0034,P011,P133,92580.03,2026-06-19 20:56:00,Bank Transfer,background
TX0035,P020,P037,7463.03,2026-06-23 16:24:00,UPI,background
TX0036,P134,P054,123817.72,2026-05-14 15:23:00,UPI,background
TX0037,P011,P086,30441.59,2026-05-08 22:58:00,UPI,background
TX0038,P093,P069,33717.56,2026-03-28 00:20:00,Bank Transfer,background
TX0039,P094,P056,68548.07,2026-05-11 12:39:00,Wallet,background
TX0040,P080,P074,40486.97,2026-02-13 19:08:00,Bank Transfer,background
TX0041,P029,P097,52753.04,2026-06-04 06:42:00,Bank Transfer,background
TX0042,P029,P125,148562.72,2026-03-01 16:59:00,Bank Transfer,background
TX0043,P095,P017,28054.87,2026-02-10 15:45:00,Wallet,background
TX0044,P010,P007,69277.42,2026-05-01 11:50:00,Bank Transfer,background
TX0045,P122,P130,9760.24,2026-04-12 07:14:00,UPI,background
TX0046,P029,P010,44665.54,2026-04-07 14:23:00,UPI,background
TX0047,P103,P087,10753.67,2026-04-16 08:44:00,UPI,background
TX0048,P136,P081,18237.11,2026-03-01 08:29:00,Bank Transfer,background
TX0049,P007,P117,96277.52,2026-05-27 03:25:00,UPI,background
TX0050,P095,P067,24685.65,2026-01-04 15:03:00,Bank Transfer,background
TX0051,P091,P095,146499.29,2026-02-23 02:02:00,Bank Transfer,background
TX0052,P088,P101,32553.43,2026-04-29 01:39:00,Bank Transfer,background
TX0053,P032,P020,85534.2,2026-06-23 21:58:00,Wallet,background
TX0054,P051,P075,114366.5,2026-01-11 09:09:00,Bank Transfer,background
TX0055,P071,P099,81999.38,2026-03-27 09:40:00,Bank Transfer,background
TX0056,P021,P097,70015.28,2026-01-19 20:44:00,UPI,background
TX0057,P031,P132,68557.48,2026-01-05 01:38:00,Wallet,background
TX0058,P141,P135,128173.42,2026-01-12 16:24:00,Wallet,background
TX0059,P099,P079,68271.98,2026-06-26 10:08:00,UPI,background
TX0060,P005,P114,78558.71,2026-06-13 02:32:00,Bank Transfer,background
TX0061,P030,P029,35621.06,2026-01-14 06:39:00,Bank Transfer,background
TX0062,P066,P023,5852.57,2026-03-18 14:39:00,Bank Transfer,background
TX0063,P102,P070,23021.24,2026-05-14 07:57:00,Bank Transfer,background
TX0064,P021,P053,94098.42,2026-03-24 14:28:00,UPI,background
TX0065,P065,P117,23431.72,2026-04-13 19:09:00,Wallet,background
TX0066,P004,P040,50974.9,2026-02-12 04:59:00,UPI,background
TX0067,P040,P071,94364.04,2026-04-29 18:50:00,Wallet,background
TX0068,P031,P142,91189.02,2026-04-06 18:56:00,UPI,background
TX0069,P131,P049,101582.7,2026-01-26 05:16:00,Wallet,background
TX0070,P110,P133,115800.5,2026-05-02 03:37:00,Wallet,background
TX0071,P070,P017,149231.03,2026-03-15 20:43:00,Bank Transfer,background
TX0072,P022,P025,9402.28,2026-06-12 22:23:00,Wallet,background
TX0073,P150,P117,52037.04,2026-06-01 05:46:00,UPI,background
TX0074,P067,P103,139697.81,2026-05-19 00:54:00,UPI,background
TX0075,P056,P137,131911.68,2026-04-26 08:29:00,Bank Transfer,background
TX0076,P046,P102,134005.01,2026-04-02 09:58:00,Bank Transfer,background
TX0077,P136,P057,79234.7,2026-03-23 09:15:00,Wallet,background
TX0078,P013,P036,126876.77,2026-06-16 09:59:00,Bank Transfer,background
TX0079,P123,P057,108323.93,2026-04-27 19:47:00,UPI,background
TX0080,P050,P081,26077.59,2026-06-02 07:26:00,Bank Transfer,background
TX0081,P101,P147,49968.72,2026-06-11 01:11:00,Wallet,background
TX0082,P028,P100,33108.3,2026-06-12 08:47:00,Bank Transfer,background
TX0083,P039,P101,50900.12,2026-06-28 10:21:00,UPI,background
TX0084,P136,P131,147871.83,2026-01-15 15:28:00,Bank Transfer,background
TX0085,P148,P064,108322.25,2026-04-15 17:50:00,Wallet,background
TX0086,P074,P012,81830.83,2026-05-17 19:06:00,Bank Transfer,background
TX0087,P076,P064,93138.38,2026-04-27 21:05:00,Bank Transfer,background
TX0088,P037,P053,136184.4,2026-05-03 08:50:00,Bank Transfer,background
TX0089,P117,P104,51862.38,2026-02-07 06:35:00,UPI,background
TX0090,P091,P054,76088.36,2026-03-21 04:50:00,UPI,background
TX0091,P096,P083,123838.33,2026-01-22 10:48:00,Bank Transfer,background
TX0092,P014,P140,70288.11,2026-04-14 05:09:00,UPI,background
TX0093,P049,P141,142511.54,2026-06-04 07:47:00,Wallet,background
TX0094,P057,P003,40407.88,2026-04-20 14:12:00,UPI,background
TX0095,P041,P116,125325.93,2026-02-11 21:13:00,Bank Transfer,background
TX0096,P089,P092,109082.45,2026-01-28 00:05:00,Wallet,background
TX0097,P115,P009,60428.98,2026-04-21 17:18:00,UPI,background
TX0098,P140,P045,149245.65,2026-06-11 10:44:00,UPI,background
TX0099,P131,P018,59798.45,2026-03-06 14:46:00,UPI,background
TX0100,P099,P104,71246.92,2026-03-29 01:40:00,Wallet,background
TX0101,P079,P054,81645.41,2026-01-08 14:31:00,UPI,background
TX0102,P148,P021,149698.05,2026-02-25 04:59:00,UPI,background
TX0103,P069,P015,62395.33,2026-05-11 23:47:00,UPI,background
TX0104,P004,P045,44731.52,2026-04-15 00:26:00,UPI,background
TX0105,P049,P129,129422.69,2026-03-15 20:52:00,Wallet,background
TX0106,P046,P057,64634.58,2026-02-05 22:02:00,Wallet,background
TX0107,P008,P025,139347.03,2026-03-02 19:53:00,Wallet,background
TX0108,P088,P082,75786.92,2026-02-20 14:25:00,Bank Transfer,background
TX0109,P037,P090,6032.45,2026-04-30 01:34:00,UPI,background
TX0110,P035,P069,11339.22,2026-02-23 10:35:00,Wallet,background
TX0111,P023,P131,21670.31,2026-01-23 10:59:00,Wallet,background
TX0112,P120,P150,2311.19,2026-01-01 17:15:00,Wallet,background
TX0113,P005,P059,31435.09,2026-03-26 08:16:00,UPI,background
TX0114,P137,P033,146853.04,2026-03-18 18:06:00,Bank Transfer,background
TX0115,P115,P070,89656.21,2026-06-14 23:31:00,Wallet,background
TX0116,P052,P140,62886.86,2026-06-12 17:40:00,Wallet,background
TX0117,P036,P045,114614.35,2026-03-02 03:10:00,Wallet,background
TX0118,P112,P082,119665.21,2026-03-25 17:29:00,Bank Transfer,background
TX0119,P011,P140,38924.43,2026-02-17 05:37:00,Bank Transfer,background
TX0120,P083,P127,35388.13,2026-01-26 00:34:00,Wallet,background
TX0121,P131,P064,78991.05,2026-03-23 13:51:00,Bank Transfer,background
TX0122,P141,P144,53878.63,2026-04-25 09:23:00,Bank Transfer,background
TX0123,P070,P039,115645.73,2026-04-22 08:17:00,Bank Transfer,background
TX0124,P135,P027,125114.67,2026-01-16 14:45:00,Wallet,background
TX0125,P082,P120,122383.5,2026-03-20 20:37:00,Bank Transfer,background
TX0126,P134,P074,97292.83,2026-02-19 22:08:00,Wallet,background
TX0127,P040,P001,1750.9,2026-05-31 09:22:00,Wallet,background
TX0128,P001,P049,42329.8,2026-01-30 22:11:00,Bank Transfer,background
TX0129,P063,P005,59020.84,2026-01-22 05:52:00,UPI,background
TX0130,P118,P134,48115.34,2026-06-29 10:22:00,UPI,background
TX0131,P035,P088,17793.49,2026-05-13 09:05:00,Wallet,background
TX0132,P045,P098,100533.5,2026-01-25 07:16:00,Wallet,background
TX0133,P067,P114,62951.33,2026-05-19 05:39:00,Bank Transfer,background
TX0134,P131,P039,56720.01,2026-05-25 20:13:00,Wallet,background
TX0135,P056,P029,71853.05,2026-01-09 09:22:00,UPI,background
TX0136,P058,P020,51361.04,2026-05-19 15:01:00,Bank Transfer,background
TX0137,P014,P074,8045.2,2026-01-04 19:55:00,UPI,background
TX0138,P069,P094,41592.24,2026-03-17 23:32:00,UPI,background
TX0139,P108,P051,18458.3,2026-04-16 00:50:00,Wallet,background
TX0140,P014,P099,116919.77,2026-02-15 22:18:00,Wallet,background
TX0141,P112,P037,125959.86,2026-04-17 05:57:00,Bank Transfer,background
TX0142,P143,P061,72987.37,2026-05-26 21:03:00,Wallet,background
TX0143,P021,P038,125755.91,2026-01-05 12:48:00,Bank Transfer,background
TX0144,P053,P136,16720.25,2026-02-11 06:18:00,Wallet,background
TX0145,P096,P029,65416.68,2026-06-07 13:36:00,Bank Transfer,background
TX0146,P107,P076,146618.79,2026-02-18 20:24:00,Wallet,background
TX0147,P117,P143,48854.95,2026-01-15 20:40:00,UPI,background
TX0148,P061,P018,91846.85,2026-06-15 09:43:00,UPI,background
TX0149,P129,P036,38341.46,2026-05-12 15:25:00,UPI,background
TX0150,P133,P112,50527.97,2026-06-10 08:11:00,Bank Transfer,background
TX0151,P125,P073,136907.19,2026-05-21 19:23:00,UPI,background
TX0152,P143,P116,65742.86,2026-04-22 10:06:00,Bank Transfer,background
TX0153,P045,P143,2916.25,2026-06-23 08:32:00,Bank Transfer,background
TX0154,P096,P041,63684.14,2026-02-05 07:11:00,Wallet,background
TX0155,P048,P144,148769.36,2026-06-21 10:09:00,Bank Transfer,background
TX0156,P023,P097,126147.42,2026-06-23 18:03:00,Bank Transfer,background
TX0157,P052,P040,143414.77,2026-04-13 02:36:00,UPI,background
TX0158,P105,P147,74708.8,2026-02-18 17:32:00,Wallet,background
TX0159,P080,P057,102017.53,2026-04-14 08:06:00,UPI,background
TX0160,P118,P095,21387.58,2026-02-01 06:43:00,Bank Transfer,background
TX0161,P007,P043,28986.89,2026-06-26 04:10:00,Wallet,background
TX0162,P130,P107,63603.34,2026-05-08 11:33:00,Bank Transfer,background
TX0163,P055,P077,93130.86,2026-01-07 12:41:00,Wallet,background
TX0164,P100,P051,22130.73,2026-06-08 04:44:00,Bank Transfer,background
TX0165,P024,P043,58578.88,2026-01-03 05:50:00,Wallet,background
TX0166,P133,P098,29140.61,2026-04-12 03:41:00,Bank Transfer,background
TX0167,P094,P077,42676.35,2026-04-01 12:21:00,Wallet,background
TX0168,P046,P064,60683.82,2026-03-12 19:59:00,UPI,background
TX0169,P105,P035,75825.28,2026-03-20 14:54:00,Wallet,background
TX0170,P002,P108,107280.1,2026-01-01 23:57:00,Wallet,background
TX0171,P120,P138,10766.18,2026-04-27 16:58:00,Bank Transfer,background
TX0172,P063,P142,139546.1,2026-05-12 01:36:00,UPI,background
TX0173,P024,P048,123900.1,2026-03-28 17:33:00,Bank Transfer,background
TX0174,P037,P056,2036.94,2026-02-07 15:06:00,Wallet,background
TX0175,P062,P150,19595.42,2026-03-31 14:51:00,Bank Transfer,background
TX0176,P129,P125,125894.73,2026-05-19 23:17:00,Bank Transfer,background
TX0177,P022,P149,83237.86,2026-05-12 12:25:00,UPI,background
TX0178,P023,P045,58502.19,2026-03-22 04:23:00,Wallet,background
TX0179,P094,P007,133600.09,2026-06-04 03:05:00,UPI,background
TX0180,P063,P048,70916.11,2026-04-13 07:30:00,UPI,background
TX0181,P120,P112,43853.91,2026-05-04 03:02:00,Wallet,background
TX0182,P042,P146,126828.35,2026-02-03 19:45:00,Bank Transfer,background
TX0183,P118,P046,91574.91,2026-05-16 09:11:00,Wallet,background
TX0184,P042,P103,37981.12,2026-05-29 12:21:00,UPI,background
TX0185,P099,P100,144232.99,2026-06-24 07:08:00,Wallet,background
TX0186,P127,P034,41763.16,2026-04-16 12:38:00,Wallet,background
TX0187,P108,P098,36014.74,2026-03-29 01:53:00,Bank Transfer,background
TX0188,P021,P144,101687.16,2026-04-09 03:58:00,Bank Transfer,background
TX0189,P063,P131,82474.18,2026-06-11 20:43:00,UPI,background
TX0190,P128,P055,32665.83,2026-05-11 18:24:00,Bank Transfer,background
TX0191,P119,P114,43776.67,2026-01-02 16:48:00,UPI,background
TX0192,P029,P022,125958.78,2026-04-20 04:20:00,Bank Transfer,background
TX0193,P081,P126,105873.35,2026-05-23 19:38:00,Wallet,background
TX0194,P112,P030,66492.66,2026-06-20 15:08:00,Bank Transfer,background
TX0195,P120,P150,16903.53,2026-03-05 11:49:00,Bank Transfer,background
TX0196,P087,P092,74583.53,2026-01-09 11:38:00,Wallet,background
TX0197,P083,P020,108907.15,2026-06-09 11:30:00,Bank Transfer,background
TX0198,P044,P140,114180.25,2026-01-06 17:44:00,UPI,background
TX0199,P120,P062,32743.67,2026-06-06 09:21:00,Wallet,background
TX0200,P009,P102,78996.58,2026-01-28 12:37:00,Bank Transfer,background
TX0201,P056,P009,30724.59,2026-05-03 06:09:00,UPI,background
TX0202,P080,P059,14316.12,2026-05-24 15:48:00,UPI,background
TX0203,P084,P117,65773.09,2026-03-16 09:14:00,Bank Transfer,background
TX0204,P058,P062,106832.68,2026-01-03 12:49:00,UPI,background
TX0205,P042,P009,59270.72,2026-03-15 22:39:00,UPI,background
TX0206,P044,P070,116551.0,2026-02-01 11:26:00,Bank Transfer,background
TX0207,P118,P025,148609.16,2026-06-26 12:15:00,Wallet,background
TX0208,P138,P092,93982.35,2026-05-26 23:37:00,Bank Transfer,background
TX0209,P073,P068,26959.69,2026-06-13 04:37:00,Wallet,background
TX0210,P132,P109,17525.88,2026-04-18 23:06:00,Wallet,background
TX0211,P140,P139,1844.17,2026-03-16 00:01:00,Wallet,background
TX0212,P078,P006,99605.59,2026-03-01 02:04:00,Bank Transfer,background
TX0213,P130,P059,58901.52,2026-01-18 13:56:00,Wallet,background
TX0214,P079,P117,74251.5,2026-03-16 09:20:00,Wallet,background
TX0215,P055,P045,24260.32,2026-01-29 01:27:00,UPI,background
TX0216,P011,P016,73353.06,2026-06-21 07:29:00,Wallet,background
TX0217,P069,P041,50600.68,2026-06-19 02:03:00,Wallet,background
TX0218,P093,P130,82337.84,2026-04-27 13:12:00,Bank Transfer,background
TX0219,P028,P101,120420.49,2026-04-02 10:38:00,Bank Transfer,background
TX0220,P095,P144,142215.12,2026-04-14 20:11:00,Wallet,background
TX0221,P120,P022,142845.33,2026-02-09 21:39:00,Wallet,background
TX0222,P137,P123,126792.71,2026-06-01 21:47:00,UPI,background
TX0223,P004,P034,53341.69,2026-02-14 04:45:00,UPI,background
TX0224,P013,P091,93577.78,2026-06-03 07:23:00,Bank Transfer,background
TX0225,P080,P021,81062.59,2026-05-04 04:41:00,Wallet,background
TX0226,P118,P023,3556.12,2026-06-13 14:09:00,UPI,background
TX0227,P013,P060,75002.42,2026-03-31 21:33:00,UPI,background
TX0228,P084,P142,123636.24,2026-05-10 15:02:00,Bank Transfer,background
TX0229,P144,P015,74316.96,2026-04-02 21:08:00,Bank Transfer,background
TX0230,P052,P004,74484.85,2026-02-14 02:04:00,Bank Transfer,background
TX0231,P073,P068,145140.61,2026-03-01 00:45:00,UPI,background
TX0232,P005,P070,23702.01,2026-06-19 18:30:00,Wallet,background
TX0233,P119,P030,109123.76,2026-01-04 03:59:00,UPI,background
TX0234,P001,P025,102880.74,2026-05-21 20:43:00,Bank Transfer,background
TX0235,P099,P138,93156.56,2026-06-20 01:39:00,Wallet,background
TX0236,P089,P122,102859.65,2026-01-29 05:41:00,Bank Transfer,background
TX0237,P146,P026,34454.01,2026-05-17 21:20:00,UPI,background
TX0238,P029,P018,145585.94,2026-01-11 20:37:00,UPI,background
TX0239,P099,P137,65718.17,2026-03-16 11:54:00,Bank Transfer,background
TX0240,P021,P052,58580.52,2026-01-06 13:52:00,Bank Transfer,background
TX0241,P015,P001,26918.1,2026-05-06 07:10:00,UPI,background
TX0242,P070,P041,29256.49,2026-01-03 17:17:00,Bank Transfer,background
TX0243,P005,P129,42080.21,2026-03-23 00:12:00,Bank Transfer,background
TX0244,P095,P014,57741.27,2026-06-03 16:10:00,Wallet,background
TX0245,P104,P065,57387.99,2026-01-14 03:49:00,UPI,background
TX0246,P114,P079,42226.03,2026-05-03 02:59:00,Bank Transfer,background
TX0247,P104,P056,131102.71,2026-01-23 11:07:00,Wallet,background
TX0248,P092,P094,110893.74,2026-05-21 15:55:00,Wallet,background
TX0249,P064,P044,39181.73,2026-05-07 14:07:00,Wallet,background
TX0250,P088,P089,126566.58,2026-05-07 10:03:00,Wallet,background
TX0251,P018,P041,112367.74,2026-02-22 07:20:00,UPI,background
TX0252,P088,P016,111979.56,2026-01-17 09:21:00,Wallet,background
TX0253,P045,P028,20712.05,2026-01-17 12:57:00,Wallet,background
TX0254,P108,P071,139897.28,2026-01-11 05:34:00,UPI,background
TX0255,P047,P088,52052.54,2026-05-01 07:15:00,Bank Transfer,background
TX0256,P141,P022,54169.8,2026-06-25 00:41:00,Wallet,background
TX0257,P118,P072,143899.7,2026-04-19 09:47:00,Wallet,background
TX0258,P025,P040,61714.29,2026-02-15 14:25:00,Wallet,background
TX0259,P142,P117,38174.22,2026-03-19 12:22:00,Wallet,background
TX0260,P142,P022,45947.77,2026-05-27 17:57:00,Bank Transfer,background
TX0261,P097,P052,9919.95,2026-02-13 00:01:00,UPI,background
TX0262,P128,P098,67272.44,2026-02-17 18:27:00,UPI,background
TX0263,P116,P144,63243.73,2026-05-15 22:52:00,UPI,background
TX0264,P113,P073,73904.78,2026-04-24 21:14:00,Bank Transfer,background
TX0265,P031,P130,72273.04,2026-06-16 00:11:00,Bank Transfer,background
TX0266,P060,P036,141036.23,2026-06-17 08:00:00,UPI,background
TX0267,P041,P118,91991.43,2026-05-03 19:04:00,Bank Transfer,background
TX0268,P071,P109,122213.24,2026-06-26 10:38:00,UPI,background
TX0269,P085,P129,45039.02,2026-02-01 18:00:00,Wallet,background
TX0270,P015,P064,68132.25,2026-04-20 05:27:00,Wallet,background
TX0271,P133,P025,88130.36,2026-03-25 04:51:00,UPI,background
TX0272,P003,P122,10259.79,2026-05-06 20:12:00,UPI,background
TX0273,P040,P119,123886.01,2026-04-23 04:13:00,Wallet,background
TX0274,P014,P009,28841.01,2026-01-14 21:27:00,Bank Transfer,background
TX0275,P130,P123,112983.17,2026-01-20 05:08:00,Bank Transfer,background
TX0276,P115,P105,130633.69,2026-06-23 05:11:00,Bank Transfer,background
TX0277,P141,P021,2104.81,2026-02-25 13:33:00,Bank Transfer,background
TX0278,P044,P105,25465.31,2026-05-19 21:07:00,Bank Transfer,background
TX0279,P003,P013,110933.64,2026-04-22 17:28:00,Bank Transfer,background
TX0280,P020,P063,110066.79,2026-03-05 05:54:00,Bank Transfer,background
TX0281,P129,P032,67826.59,2026-04-19 05:59:00,UPI,background
TX0282,P032,P140,133171.19,2026-05-14 12:35:00,UPI,background
TX0283,P105,P073,130148.41,2026-01-14 01:48:00,Wallet,background
TX0284,P101,P052,39209.95,2026-04-28 16:29:00,UPI,background
TX0285,P134,P006,84748.58,2026-03-04 06:50:00,Bank Transfer,background
TX0286,P008,P133,133068.6,2026-06-29 02:01:00,UPI,background
TX0287,P103,P010,88706.04,2026-05-05 18:06:00,UPI,background
TX0288,P147,P091,40118.02,2026-05-10 00:23:00,Wallet,background
TX0289,P084,P073,76677.93,2026-03-24 06:35:00,Bank Transfer,background
TX0290,P074,P017,144626.46,2026-04-24 15:50:00,Wallet,background
TX0291,P147,P019,23450.73,2026-06-03 04:47:00,UPI,background
TX0292,P085,P095,99850.77,2026-03-11 16:42:00,Wallet,background
TX0293,P058,P138,138894.92,2026-02-18 22:18:00,UPI,background
TX0294,P030,P095,130182.89,2026-03-19 09:39:00,Bank Transfer,background
TX0295,P055,P026,17177.54,2026-03-10 14:52:00,UPI,background
TX0296,P089,P090,145822.89,2026-03-27 16:53:00,UPI,background
TX0297,P023,P100,54232.29,2026-06-14 06:16:00,Bank Transfer,background
TX0298,P007,P073,21191.63,2026-06-20 14:49:00,UPI,background
TX0299,P053,P026,66110.15,2026-02-06 09:38:00,UPI,background
TX0300,P036,P077,27459.14,2026-01-09 04:04:00,Wallet,background
TX0301,P065,P150,147497.38,2026-02-16 22:39:00,Bank Transfer,background
TX0302,P036,P093,2985.88,2026-03-08 12:56:00,UPI,background
TX0303,P048,P010,61739.46,2026-05-19 19:51:00,Bank Transfer,background
TX0304,P097,P063,52681.87,2026-04-30 05:16:00,Bank Transfer,background
TX0305,P126,P140,85777.01,2026-03-14 08:52:00,Wallet,background
TX0306,P034,P094,95138.88,2026-02-21 22:34:00,UPI,background
TX0307,P147,P053,24937.49,2026-01-22 20:26:00,Wallet,background
TX0308,P141,P124,133032.86,2026-04-21 13:58:00,UPI,background
TX0309,P038,P046,5094.45,2026-03-12 05:56:00,Bank Transfer,background
TX0310,P083,P063,75248.39,2026-05-15 16:31:00,UPI,background
TX0311,P078,P080,82793.45,2026-02-15 08:57:00,UPI,background
TX0312,P080,P022,98059.41,2026-03-26 03:50:00,Wallet,background
TX0313,P019,P054,6628.32,2026-06-07 15:47:00,Wallet,background
TX0314,P106,P012,147273.25,2026-04-01 15:56:00,Wallet,background
TX0315,P047,P078,127718.66,2026-04-03 21:50:00,Wallet,background
TX0316,P146,P079,20756.84,2026-05-29 05:11:00,Wallet,background
TX0317,P130,P081,30237.6,2026-06-06 07:35:00,Bank Transfer,background
TX0318,P071,P088,22349.97,2026-01-02 22:02:00,Bank Transfer,background
TX0319,P093,P026,132617.3,2026-06-29 15:42:00,Bank Transfer,background
TX0320,P104,P011,21995.41,2026-02-07 11:06:00,Bank Transfer,background
TX0321,P090,P052,76920.11,2026-03-05 21:56:00,UPI,background
TX0322,P129,P060,8757.2,2026-01-27 11:50:00,UPI,background
TX0323,P083,P136,69506.37,2026-04-20 11:44:00,UPI,background
TX0324,P116,P024,93363.19,2026-04-08 20:16:00,UPI,background
TX0325,P047,P012,100800.92,2026-02-15 21:39:00,UPI,background
TX0326,P136,P090,132707.62,2026-01-09 09:32:00,UPI,background
TX0327,P147,P146,47419.41,2026-03-31 11:20:00,Bank Transfer,background
TX0328,P108,P045,21177.59,2026-01-04 05:46:00,UPI,background
TX0329,P068,P050,23443.4,2026-06-11 16:08:00,Wallet,background
TX0330,P124,P115,120042.88,2026-03-22 12:30:00,UPI,background
TX0331,P140,P011,88227.84,2026-06-15 03:57:00,Wallet,background
TX0332,P129,P010,86108.18,2026-05-26 12:18:00,Wallet,background
TX0333,P118,P083,47791.8,2026-06-18 19:41:00,Bank Transfer,background
TX0334,P041,P121,63057.65,2026-04-18 05:13:00,Bank Transfer,background
TX0335,P017,P013,23667.91,2026-03-28 05:12:00,UPI,background
TX0336,P142,P086,118231.47,2026-03-20 04:26:00,UPI,background
TX0337,P095,P059,30504.88,2026-06-06 14:55:00,UPI,background
TX0338,P050,P016,110296.77,2026-04-28 17:37:00,UPI,background
TX0339,P134,P124,33773.77,2026-06-26 04:53:00,Bank Transfer,background
TX0340,P107,P058,59085.35,2026-05-03 02:59:00,Wallet,background
TX0341,P149,P009,38104.72,2026-01-20 17:37:00,Bank Transfer,background
TX0342,P013,P106,19332.92,2026-03-09 06:37:00,Bank Transfer,background
TX0343,P049,P033,32840.51,2026-06-06 17:26:00,Bank Transfer,background
TX0344,P133,P124,23937.49,2026-02-14 14:50:00,UPI,background
TX0345,P031,P026,149770.7,2026-04-27 01:57:00,UPI,background
TX0346,P022,P074,134886.2,2026-06-02 03:37:00,Wallet,background
TX0347,P012,P058,84391.99,2026-05-08 00:00:00,UPI,background
TX0348,P134,P057,22965.18,2026-06-26 02:45:00,Bank Transfer,background
TX0349,P007,P034,94192.5,2026-06-04 03:33:00,UPI,background
TX0350,P143,P019,124356.98,2026-04-13 03:40:00,Bank Transfer,background
TX0351,P082,P099,134792.8,2026-03-31 14:35:00,UPI,background
TX0352,P047,P136,32032.28,2026-03-04 14:43:00,Bank Transfer,background
TX0353,P033,P143,112648.68,2026-02-16 21:46:00,UPI,background
TX0354,P089,P010,121158.57,2026-03-31 13:58:00,UPI,background
TX0355,P011,P033,36633.85,2026-05-05 21:15:00,UPI,background
TX0356,P052,P135,14714.35,2026-02-17 22:33:00,Bank Transfer,background
TX0357,P149,P121,81717.32,2026-03-31 17:42:00,Wallet,background
TX0358,P044,P110,126797.21,2026-01-18 22:06:00,UPI,background
TX0359,P043,P139,63675.71,2026-06-17 08:54:00,UPI,background
TX0360,P017,P073,100713.79,2026-01-07 14:11:00,Wallet,background
TX0361,P139,P094,11019.64,2026-01-04 19:34:00,Wallet,background
TX0362,P136,P133,130008.06,2026-02-24 13:18:00,UPI,background
TX0363,P015,P085,129499.83,2026-06-25 14:37:00,UPI,background
TX0364,P130,P136,120161.81,2026-05-18 00:43:00,Bank Transfer,background
TX0365,P069,P078,6422.9,2026-03-09 16:06:00,Wallet,background
TX0366,P089,P050,20770.17,2026-01-27 16:31:00,UPI,background
TX0367,P059,P083,6263.72,2026-06-02 08:32:00,Bank Transfer,background
TX0368,P029,P131,51178.89,2026-02-22 02:49:00,Wallet,background
TX0369,P022,P037,25844.72,2026-01-03 20:52:00,Bank Transfer,background
TX0370,P042,P122,3925.33,2026-05-02 18:40:00,Bank Transfer,background
TX0371,P140,P078,46324.59,2026-05-10 10:22:00,UPI,background
TX0372,P075,P147,74365.41,2026-03-07 14:25:00,Bank Transfer,background
TX0373,P002,P078,104620.84,2026-06-22 12:46:00,Wallet,background
TX0374,P134,P126,18536.24,2026-01-27 17:17:00,UPI,background
TX0375,P088,P125,122456.33,2026-01-17 00:17:00,UPI,background
TX0376,P031,P109,65388.08,2026-01-05 07:46:00,Bank Transfer,background
TX0377,P038,P116,52330.42,2026-01-11 14:59:00,UPI,background
TX0378,P060,P102,118926.5,2026-01-12 04:31:00,Wallet,background
TX0379,P068,P052,129919.56,2026-04-26 16:58:00,UPI,background
TX0380,P142,P010,110051.8,2026-04-26 18:27:00,Wallet,background
TX0381,P077,P132,75747.47,2026-01-26 23:20:00,Bank Transfer,background
TX0382,P011,P058,140858.1,2026-02-20 09:09:00,Bank Transfer,background
TX0383,P088,P010,25153.2,2026-06-16 20:33:00,Wallet,background
TX0384,P063,P048,25037.69,2026-03-13 18:09:00,Bank Transfer,background
TX0385,P008,P085,40914.83,2026-01-14 08:10:00,Bank Transfer,background
TX0386,P037,P100,60842.36,2026-03-11 10:31:00,Wallet,background
TX0387,P018,P040,26699.47,2026-05-04 09:08:00,UPI,background
TX0388,P097,P082,104419.83,2026-01-14 18:33:00,Bank Transfer,background
TX0389,P147,P113,81449.14,2026-04-16 07:44:00,Bank Transfer,background
TX0390,P128,P025,103704.36,2026-05-10 16:21:00,Bank Transfer,background
TX0391,P050,P106,44050.01,2026-02-04 06:07:00,Bank Transfer,background
TX0392,P134,P110,42369.02,2026-05-01 02:11:00,Wallet,background
TX0393,P101,P012,61703.0,2026-02-14 10:49:00,Wallet,background
TX0394,P093,P144,149148.88,2026-05-19 05:39:00,UPI,background
TX0395,P090,P008,127487.68,2026-01-16 10:59:00,Wallet,background
TX0396,P138,P046,53703.94,2026-06-07 11:44:00,Wallet,background
TX0397,P015,P092,43754.4,2026-05-23 17:00:00,Bank Transfer,background
TX0398,P121,P120,144020.44,2026-01-28 09:21:00,Wallet,background
TX0399,P070,P066,91413.89,2026-02-19 03:40:00,Wallet,background
TX0400,P099,P053,3487.02,2026-02-21 10:08:00,Wallet,background
TX0401,P062,P082,21549.86,2026-02-07 17:17:00,UPI,background
TX0402,P132,P018,65323.94,2026-02-06 20:57:00,Wallet,background
TX0403,P054,P023,27596.04,2026-02-12 18:57:00,Bank Transfer,background
TX0404,P085,P018,12049.23,2026-04-19 22:20:00,UPI,background
TX0405,P083,P073,87140.93,2026-05-05 12:18:00,UPI,background
TX0406,P086,P092,138475.46,2026-04-03 06:19:00,Bank Transfer,background
TX0407,P101,P104,149354.17,2026-01-12 02:49:00,Wallet,background
TX0408,P073,P038,45462.85,2026-04-26 11:09:00,Bank Transfer,background
TX0409,P113,P100,120060.55,2026-06-15 18:22:00,Wallet,background
TX0410,P137,P114,29640.44,2026-04-16 10:35:00,UPI,background
TX0411,P005,P133,132283.71,2026-01-01 02:46:00,Bank Transfer,background
TX0412,P137,P128,30344.71,2026-02-07 12:33:00,UPI,background
TX0413,P024,P093,99236.13,2026-03-21 07:48:00,UPI,background
TX0414,P133,P071,65720.77,2026-02-18 07:37:00,Bank Transfer,background
TX0415,P144,P075,105276.41,2026-02-27 22:05:00,Wallet,background
TX0416,P116,P073,137342.7,2026-01-11 04:44:00,UPI,background
TX0417,P124,P106,120867.15,2026-05-24 12:12:00,Bank Transfer,background
TX0418,P109,P053,61532.47,2026-04-18 05:38:00,Bank Transfer,background
TX0419,P138,P078,88818.76,2026-02-08 22:50:00,Wallet,background
TX0420,P027,P084,33715.59,2026-03-25 06:32:00,Wallet,background
TX0421,P082,P097,29414.16,2026-01-10 14:08:00,Wallet,background
TX0422,P118,P007,136561.36,2026-04-08 09:47:00,Wallet,background
TX0423,P083,P023,111578.89,2026-06-07 20:59:00,Wallet,background
TX0424,P094,P107,42071.09,2026-02-19 02:46:00,Bank Transfer,background
TX0425,P031,P047,34402.95,2026-02-24 09:53:00,UPI,background
TX0426,P129,P034,55402.39,2026-05-18 06:04:00,Bank Transfer,background
TX0427,P004,P043,100767.98,2026-03-29 19:49:00,Bank Transfer,background
TX0428,P144,P089,113673.9,2026-06-07 16:10:00,Bank Transfer,background
TX0429,P102,P114,95882.29,2026-02-03 09:18:00,Wallet,background
TX0430,P062,P050,71913.21,2026-03-01 07:42:00,Wallet,background
TX0431,P050,P019,129507.34,2026-04-08 07:42:00,UPI,background
TX0432,P062,P084,41008.79,2026-01-02 01:39:00,UPI,background
TX0433,P075,P096,69640.59,2026-05-25 13:25:00,Bank Transfer,background
TX0434,P049,P123,41454.76,2026-02-11 16:52:00,Wallet,background
TX0435,P060,P018,56270.2,2026-05-06 02:02:00,UPI,background
TX0436,P094,P051,68697.71,2026-04-24 06:13:00,Wallet,background
TX0437,P084,P107,12047.67,2026-02-20 19:30:00,Bank Transfer,background
TX0438,P060,P132,24363.13,2026-02-03 14:19:00,Bank Transfer,background
TX0439,P054,P071,97721.88,2026-01-04 10:01:00,Bank Transfer,background
TX0440,P150,P057,103044.29,2026-01-24 18:37:00,UPI,background
TX0441,P031,P017,145101.21,2026-03-20 22:22:00,UPI,background
TX0442,P119,P111,83006.9,2026-04-05 18:55:00,UPI,background
TX0443,P135,P057,139847.28,2026-04-30 22:39:00,Wallet,background
TX0444,P083,P100,133008.77,2026-06-16 14:57:00,UPI,background
TX0445,P122,P126,98842.63,2026-02-10 07:36:00,Bank Transfer,background
TX0446,P013,P027,105151.65,2026-01-04 19:12:00,Wallet,background
TX0447,P076,P036,123481.47,2026-04-22 17:33:00,Bank Transfer,background
TX0448,P024,P009,115215.09,2026-06-19 08:42:00,Wallet,background
TX0449,P124,P104,98717.03,2026-02-20 04:57:00,Bank Transfer,background
TX0450,P084,P080,37668.69,2026-06-16 11:40:00,Wallet,background
TX0451,P014,P051,93200.96,2026-05-28 23:47:00,UPI,background
TX0452,P149,P026,49550.22,2026-05-14 08:58:00,Bank Transfer,background
TX0453,P096,P149,88349.58,2026-06-03 16:26:00,UPI,background
TX0454,P013,P127,64798.96,2026-05-28 22:13:00,UPI,background
TX0455,P079,P053,116052.3,2026-02-28 09:44:00,UPI,background
TX0456,P114,P051,84106.62,2026-06-15 13:42:00,Bank Transfer,background
TX0457,P128,P027,85873.58,2026-03-03 06:24:00,Bank Transfer,background
TX0458,P051,P148,148848.51,2026-03-28 00:31:00,Wallet,background
TX0459,P144,P011,67978.22,2026-03-20 21:37:00,Bank Transfer,background
TX0460,P087,P066,55255.92,2026-04-15 22:20:00,Bank Transfer,background
TX0461,P077,P072,57921.76,2026-06-08 05:47:00,UPI,background
TX0462,P142,P022,40543.99,2026-05-03 10:12:00,Bank Transfer,background
TX0463,P130,P064,4194.84,2026-02-13 19:30:00,Wallet,background
TX0464,P093,P123,125165.41,2026-05-01 17:32:00,Wallet,background
TX0465,P076,P047,76716.66,2026-03-17 15:09:00,UPI,background
TX0466,P139,P002,128125.68,2026-02-17 08:48:00,Bank Transfer,background
TX0467,P031,P054,23358.13,2026-05-01 04:43:00,Wallet,background
TX0468,P136,P004,103638.84,2026-05-24 03:07:00,Wallet,background
TX0469,P147,P135,108916.81,2026-06-14 08:16:00,Bank Transfer,background
TX0470,P049,P077,55491.49,2026-01-23 04:19:00,Wallet,background
TX0471,P005,P063,61419.16,2026-05-12 01:22:00,UPI,background
TX0472,P048,P084,5021.39,2026-02-15 04:56:00,UPI,background
TX0473,P007,P109,112352.09,2026-04-08 18:33:00,Bank Transfer,background
TX0474,P111,P137,63426.27,2026-05-06 03:03:00,UPI,background
TX0475,P021,P024,49291.24,2026-04-16 17:36:00,Wallet,background
TX0476,P079,P122,16658.67,2026-05-02 08:59:00,Bank Transfer,background
TX0477,P124,P019,138147.94,2026-04-20 09:03:00,Bank Transfer,background
TX0478,P029,P037,60243.52,2026-02-20 22:35:00,UPI,background
TX0479,P052,P081,126879.38,2026-02-07 01:51:00,UPI,background
TX0480,P062,P020,15269.97,2026-06-13 08:37:00,UPI,background
TX0481,P069,P018,18698.36,2026-03-31 19:31:00,UPI,background
TX0482,P015,P092,12434.22,2026-03-15 06:54:00,UPI,background
TX0483,P025,P011,126236.65,2026-01-15 18:30:00,Wallet,background
TX0484,P107,P095,44947.44,2026-02-09 17:56:00,Bank Transfer,background
TX0485,P149,P029,27049.45,2026-04-26 10:08:00,Wallet,background
TX0486,P133,P114,24426.88,2026-05-10 09:11:00,Bank Transfer,background
TX0487,P119,P052,84917.63,2026-01-01 02:28:00,Bank Transfer,background
TX0488,P079,P099,139040.15,2026-05-17 20:15:00,Wallet,background
TX0489,P089,P055,60810.02,2026-04-05 18:43:00,Bank Transfer,background
TX0490,P046,P003,91103.18,2026-05-19 06:00:00,Wallet,background
TX0491,P103,P140,10725.6,2026-02-28 12:34:00,Wallet,background
TX0492,P016,P053,125047.13,2026-03-13 04:23:00,UPI,background
TX0493,P009,P045,11823.21,2026-01-03 03:45:00,Wallet,background
TX0494,P005,P008,116433.48,2026-06-02 05:45:00,Bank Transfer,background
TX0495,P003,P103,86115.81,2026-05-10 18:39:00,Bank Transfer,background
TX0496,P105,P063,5751.28,2026-04-26 22:59:00,Wallet,background
TX0497,P029,P053,76396.53,2026-05-15 05:26:00,UPI,background
TX0498,P149,P014,90768.14,2026-04-18 09:39:00,Wallet,background
TX0499,P018,P099,28447.32,2026-04-26 19:51:00,Wallet,background
TX0500,P150,P027,90020.07,2026-02-24 00:11:00,UPI,background
TX0501,P109,P072,53113.31,2026-05-14 05:30:00,Bank Transfer,background
TX0502,P036,P041,146282.69,2026-02-20 11:11:00,Wallet,background
TX0503,P070,P131,94175.45,2026-05-24 01:35:00,Wallet,background
TX0504,P065,P023,122737.3,2026-06-24 23:35:00,Wallet,background
TX0505,P145,P104,90195.64,2026-03-15 15:40:00,Bank Transfer,background
TX0506,P143,P020,69644.43,2026-04-22 23:19:00,Bank Transfer,background
TX0507,P100,P081,93360.99,2026-03-06 07:58:00,UPI,background
TX0508,P146,P056,100503.94,2026-04-14 18:41:00,Bank Transfer,background
TX0509,P087,P062,130084.54,2026-03-19 07:41:00,Bank Transfer,background
TX0510,P079,P081,62543.97,2026-06-09 18:15:00,Bank Transfer,background
TX0511,P150,P020,50624.94,2026-03-14 07:44:00,UPI,background
TX0512,P100,P077,38046.52,2026-02-09 09:48:00,Bank Transfer,background
TX0513,P005,P096,32535.63,2026-01-26 07:21:00,Bank Transfer,background
TX0514,P076,P020,42635.55,2026-03-30 01:07:00,UPI,background
TX0515,P010,P040,66016.5,2026-02-26 17:22:00,Bank Transfer,background
TX0516,P124,P049,105422.05,2026-03-15 12:55:00,Bank Transfer,background
TX0517,P008,P062,24672.87,2026-01-05 10:33:00,UPI,background
TX0518,P107,P073,82999.88,2026-02-14 04:22:00,Wallet,background
TX0519,P083,P089,51872.74,2026-01-21 13:25:00,Bank Transfer,background
TX0520,P114,P027,32950.16,2026-06-05 08:30:00,Bank Transfer,background
TX0521,P030,P120,70155.19,2026-06-18 10:02:00,Wallet,background
TX0522,P093,P080,14225.09,2026-06-03 09:55:00,Bank Transfer,background
TX0523,P099,P024,98777.97,2026-02-21 13:17:00,Bank Transfer,background
TX0524,P148,P103,71467.55,2026-06-01 00:05:00,UPI,background
TX0525,P020,P018,149773.28,2026-03-20 04:42:00,UPI,background
TX0526,P010,P087,89165.49,2026-03-09 14:47:00,UPI,background
TX0527,P062,P020,41193.45,2026-06-13 11:26:00,UPI,background
TX0528,P014,P015,36412.99,2026-04-07 00:14:00,UPI,background
TX0529,P085,P061,29920.93,2026-02-11 14:56:00,Bank Transfer,background
TX0530,P017,P149,99044.11,2026-04-30 21:04:00,Wallet,background
TX0531,P087,P076,95789.94,2026-05-29 16:47:00,UPI,background
TX0532,P014,P147,16290.38,2026-01-04 21:08:00,Wallet,background
TX0533,P025,P102,31533.26,2026-04-03 05:55:00,Wallet,background
TX0534,P102,P013,109112.28,2026-03-18 11:37:00,Wallet,background
TX0535,P055,P041,80587.67,2026-05-05 11:27:00,Bank Transfer,background
TX0536,P101,P147,124002.14,2026-01-20 22:42:00,UPI,background
TX0537,P002,P106,127977.1,2026-02-04 10:45:00,UPI,background
TX0538,P069,P087,7860.6,2026-02-01 00:28:00,UPI,background
TX0539,P124,P072,21717.56,2026-06-22 10:02:00,UPI,background
TX0540,P083,P049,94931.52,2026-06-26 05:12:00,UPI,background
TX0541,P117,P120,95647.34,2026-01-26 21:54:00,Wallet,background
TX0542,P011,P043,42454.66,2026-05-04 07:44:00,Bank Transfer,background
TX0543,P093,P003,68328.41,2026-03-21 19:26:00,Wallet,background
TX0544,P131,P032,62377.86,2026-02-07 16:50:00,Wallet,background
TX0545,P064,P029,5512.71,2026-02-09 05:19:00,UPI,background
TX0546,P116,P136,4801.39,2026-01-31 08:23:00,UPI,background
TX0547,P135,P133,2438.39,2026-02-13 04:44:00,Bank Transfer,background
TX0548,P113,P105,6379.52,2026-04-12 20:13:00,UPI,background
TX0549,P148,P044,67057.45,2026-05-15 10:09:00,Wallet,background
TX0550,P004,P044,137828.64,2026-03-02 21:00:00,Wallet,background
TX0551,P079,P126,75358.34,2026-05-08 21:43:00,UPI,background
TX0552,P043,P109,113588.13,2026-04-29 11:05:00,Bank Transfer,background
TX0553,P107,P074,35457.11,2026-05-04 16:35:00,UPI,background
TX0554,P116,P062,144627.27,2026-03-11 09:46:00,UPI,background
TX0555,P081,P087,135801.96,2026-01-14 00:17:00,Wallet,background
TX0556,P117,P049,115929.53,2026-04-26 04:15:00,Wallet,background
TX0557,P148,P049,138878.98,2026-01-31 19:09:00,Bank Transfer,background
TX0558,P142,P002,81818.61,2026-01-12 03:45:00,Wallet,background
TX0559,P106,P047,89260.4,2026-05-15 17:19:00,Wallet,background
TX0560,P008,P074,112742.11,2026-05-21 07:33:00,Bank Transfer,background
TX0561,P041,P081,35813.84,2026-01-15 11:20:00,UPI,background
TX0562,P078,P021,36416.86,2026-03-11 03:38:00,Wallet,background
TX0563,P073,P130,66691.13,2026-03-21 09:36:00,Bank Transfer,background
TX0564,P055,P027,130564.13,2026-01-28 19:39:00,Bank Transfer,background
TX0565,P069,P091,88077.25,2026-02-13 11:52:00,UPI,background
TX0566,P143,P038,10113.73,2026-02-18 18:44:00,UPI,background
TX0567,P112,P033,28394.45,2026-05-10 12:29:00,Bank Transfer,background
TX0568,P093,P001,92312.59,2026-05-30 17:55:00,Wallet,background
TX0569,P128,P147,84256.78,2026-02-15 12:43:00,Bank Transfer,background
TX0570,P118,P076,124085.0,2026-02-28 11:28:00,Bank Transfer,background
TX0571,P069,P003,24481.62,2026-03-01 18:10:00,Wallet,background
TX0572,P141,P072,62870.43,2026-02-20 22:43:00,UPI,background
TX0573,P125,P120,6677.1,2026-03-28 15:16:00,Wallet,background
TX0574,P014,P150,79918.92,2026-03-12 07:35:00,Wallet,background
TX0575,P023,P054,49436.21,2026-02-14 14:29:00,Bank Transfer,background
TX0576,P124,P065,10806.24,2026-03-26 01:55:00,Bank Transfer,background
TX0577,P086,P003,125202.78,2026-01-29 12:24:00,Wallet,background
TX0578,P064,P117,82391.03,2026-01-09 08:45:00,Bank Transfer,background
TX0579,P038,P018,104060.23,2026-01-27 15:00:00,Wallet,background
TX0580,P147,P065,15234.53,2026-05-01 23:00:00,Bank Transfer,background
TX0581,P070,P078,41045.63,2026-06-03 15:50:00,UPI,background
TX0582,P094,P026,113465.71,2026-02-25 07:45:00,UPI,background
TX0583,P008,P106,109061.91,2026-02-04 22:30:00,UPI,background
TX0584,P002,P023,104888.46,2026-02-06 15:57:00,UPI,background
TX0585,P098,P139,20358.94,2026-03-27 20:55:00,Bank Transfer,background
TX0586,P097,P034,80507.39,2026-06-11 21:22:00,UPI,background
TX0587,P107,P116,140763.17,2026-06-21 15:16:00,UPI,background
TX0588,P108,P030,41778.37,2026-06-16 12:49:00,Wallet,background
TX0589,P043,P088,27318.97,2026-04-09 13:06:00,Bank Transfer,background
TX0590,P011,P048,100591.42,2026-05-08 01:57:00,Wallet,background
TX0591,P138,P080,33727.62,2026-03-15 02:07:00,Bank Transfer,background
TX0592,P030,P049,99101.09,2026-06-22 13:34:00,Wallet,background
TX0593,P120,P052,147032.77,2026-02-22 18:21:00,Bank Transfer,background
TX0594,P089,P093,65138.45,2026-04-02 08:37:00,Bank Transfer,background
TX0595,P119,P029,29091.45,2026-06-22 16:57:00,UPI,background
TX0596,P070,P106,23118.16,2026-04-11 23:35:00,UPI,background
TX0597,P065,P020,38400.92,2026-01-16 14:41:00,Bank Transfer,background
TX0598,P013,P034,148074.33,2026-02-27 15:55:00,Wallet,background
TX0599,P026,P007,20800.08,2026-03-25 11:07:00,Wallet,background
TX0600,P148,P081,19531.15,2026-06-02 13:54:00,Bank Transfer,background
TX0601,P121,P144,49573.43,2026-04-26 02:29:00,Wallet,background
TX0602,P132,P026,39443.4,2026-05-09 08:17:00,UPI,background
TX0603,P150,P061,105913.17,2026-02-06 06:12:00,Bank Transfer,background
TX0604,P139,P051,149902.92,2026-05-31 22:02:00,Wallet,background
TX0605,P109,P046,56004.19,2026-06-29 03:12:00,Bank Transfer,background
TX0606,P104,P062,130046.07,2026-03-22 23:36:00,Wallet,background
TX0607,P127,P040,1502.57,2026-03-24 06:30:00,UPI,background
TX0608,P078,P072,51392.29,2026-04-03 03:12:00,Wallet,background
TX0609,P088,P015,54585.92,2026-02-18 23:29:00,Wallet,background
TX0610,P084,P027,82700.16,2026-03-13 18:14:00,Wallet,background
TX0611,P065,P012,141389.24,2026-03-29 21:31:00,UPI,background
TX0612,P014,P117,67485.76,2026-05-21 08:52:00,UPI,background
TX0613,P070,P023,84423.84,2026-03-21 03:22:00,Wallet,background
TX0614,P067,P045,28641.71,2026-03-05 17:52:00,Wallet,background
TX0615,P078,P143,32579.59,2026-06-06 18:40:00,UPI,background
TX0616,P021,P118,50370.86,2026-06-11 16:07:00,UPI,background
TX0617,P003,P030,26303.77,2026-01-26 00:10:00,UPI,background
TX0618,P019,P114,100851.99,2026-03-27 01:03:00,Wallet,background
TX0619,P054,P074,14493.23,2026-05-13 17:12:00,UPI,background
TX0620,P133,P095,64779.51,2026-05-05 13:54:00,Wallet,background
TX0621,P103,P039,71310.81,2026-06-11 21:01:00,UPI,background
TX0622,P054,P127,101200.24,2026-05-07 19:18:00,Bank Transfer,background
TX0623,P108,P148,54200.72,2026-06-07 14:00:00,UPI,background
TX0624,P090,P051,9717.76,2026-03-28 19:54:00,Bank Transfer,background
TX0625,P006,P105,124588.78,2026-05-11 20:36:00,UPI,background
TX0626,P145,P102,141181.19,2026-04-10 11:16:00,UPI,background
TX0627,P014,P140,113739.26,2026-04-11 02:21:00,Wallet,background
TX0628,P077,P149,122069.89,2026-01-01 17:23:00,Wallet,background
TX0629,P037,P128,66593.26,2026-02-05 18:01:00,UPI,background
TX0630,P015,P094,124833.14,2026-02-09 17:38:00,UPI,background
TX0631,P145,P141,30209.31,2026-05-13 12:09:00,Wallet,background
TX0632,P044,P033,16901.73,2026-01-17 08:09:00,UPI,background
TX0633,P110,P082,9128.59,2026-02-09 05:06:00,Wallet,background
TX0634,P097,P091,90281.84,2026-02-12 00:09:00,UPI,background
TX0635,P102,P017,90945.75,2026-01-27 19:59:00,Wallet,background
TX0636,P133,P060,145164.55,2026-03-07 02:01:00,Bank Transfer,background
TX0637,P150,P023,20459.08,2026-02-16 13:28:00,Bank Transfer,background
TX0638,P028,P054,83122.77,2026-03-01 04:52:00,UPI,background
TX0639,P048,P096,74675.27,2026-01-03 14:40:00,UPI,background
TX0640,P148,P017,114271.5,2026-02-26 11:21:00,Bank Transfer,background
TX0641,P060,P089,106140.26,2026-04-09 18:29:00,UPI,background
TX0642,P032,P040,18661.32,2026-05-02 12:35:00,Bank Transfer,background
TX0643,P012,P002,99328.46,2026-04-17 06:38:00,Wallet,background
TX0644,P120,P099,10241.23,2026-02-16 17:06:00,Wallet,background
TX0645,P092,P008,70001.56,2026-01-12 15:17:00,Wallet,background
TX0646,P102,P020,7492.55,2026-03-11 12:50:00,UPI,background
TX0647,P071,P136,22736.11,2026-06-19 06:58:00,UPI,background
TX0648,P046,P074,123513.0,2026-05-24 08:17:00,Wallet,background
TX0649,P079,P036,128751.99,2026-01-10 20:58:00,Wallet,background
TX0650,P022,P031,133716.76,2026-03-29 00:49:00,Bank Transfer,background
TX0651,P026,P078,25581.27,2026-01-01 18:38:00,Bank Transfer,background
TX0652,P018,P130,124541.25,2026-01-07 16:50:00,UPI,background
TX0653,P051,P039,105259.96,2026-01-07 03:18:00,UPI,background
TX0654,P006,P089,60139.11,2026-03-01 03:13:00,UPI,background
TX0655,P121,P009,4854.23,2026-02-06 16:44:00,Wallet,background
TX0656,P055,P107,78036.92,2026-04-07 08:08:00,Bank Transfer,background
TX0657,P024,P039,24346.53,2026-01-28 21:15:00,Bank Transfer,background
TX0658,P103,P013,9416.62,2026-01-13 08:45:00,Bank Transfer,background
TX0659,P100,P129,122183.74,2026-06-02 22:10:00,Wallet,background
TX0660,P012,P077,2844.98,2026-05-31 08:29:00,UPI,background
TX0661,P141,P098,127680.48,2026-04-16 08:15:00,UPI,background
TX0662,P137,P015,29960.37,2026-02-25 09:00:00,Wallet,background
TX0663,P137,P036,62008.9,2026-04-08 08:23:00,Bank Transfer,background
TX0664,P081,P145,102058.35,2026-03-17 01:22:00,UPI,background
TX0665,P147,P121,142240.85,2026-06-09 13:14:00,Bank Transfer,background
TX0666,P105,P091,87506.92,2026-03-24 07:26:00,Wallet,background
TX0667,P023,P009,3625.98,2026-04-19 17:11:00,Wallet,background
TX0668,P049,P109,65360.68,2026-06-29 07:29:00,Wallet,background
TX0669,P001,P048,18920.15,2026-04-27 07:05:00,Wallet,background
TX0670,P142,P078,49127.79,2026-01-04 18:43:00,Wallet,background
TX0671,P053,P049,64604.75,2026-03-17 10:56:00,UPI,background
TX0672,P110,P086,23268.58,2026-05-02 15:21:00,Wallet,background
TX0673,P039,P134,6423.44,2026-01-25 01:31:00,UPI,background
TX0674,P127,P069,141293.8,2026-05-11 01:47:00,Wallet,background
TX0675,P040,P042,138191.21,2026-06-23 16:49:00,UPI,background
TX0676,P054,P010,94611.49,2026-05-05 07:28:00,Wallet,background
TX0677,P056,P095,54984.65,2026-03-16 03:28:00,Wallet,background
TX0678,P080,P113,99785.97,2026-03-05 01:13:00,UPI,background
TX0679,P086,P094,27718.39,2026-04-12 17:34:00,Bank Transfer,background
TX0680,P061,P047,50664.32,2026-03-15 04:01:00,Wallet,background
TX0681,P053,P024,128706.79,2026-01-19 22:28:00,Bank Transfer,background
TX0682,P030,P077,2706.82,2026-03-17 12:05:00,UPI,background
TX0683,P090,P118,82520.37,2026-04-24 05:55:00,Wallet,background
TX0684,P003,P099,147700.98,2026-03-03 06:23:00,UPI,background
TX0685,P044,P012,100590.45,2026-03-31 09:04:00,Wallet,background
TX0686,P005,P067,36308.84,2026-05-22 00:57:00,UPI,background
TX0687,P015,P141,41452.65,2026-04-26 15:32:00,UPI,background
TX0688,P113,P030,116558.89,2026-06-16 22:56:00,Wallet,background
TX0689,P070,P079,80438.67,2026-05-23 23:08:00,UPI,background
TX0690,P013,P057,51849.35,2026-03-21 09:50:00,Wallet,background
TX0691,P055,P033,114262.5,2026-04-20 10:13:00,Wallet,background
TX0692,P146,P089,81386.08,2026-04-16 19:32:00,Wallet,background
TX0693,P016,P121,61558.5,2026-06-19 06:23:00,UPI,background
TX0694,P095,P027,32555.77,2026-01-13 07:49:00,Wallet,background
TX0695,P065,P040,119269.73,2026-01-09 22:30:00,Bank Transfer,background
TX0696,P118,P142,85214.64,2026-05-15 11:47:00,Wallet,background
TX0697,P114,P012,55863.42,2026-03-28 18:19:00,Wallet,background
TX0698,P108,P076,137305.35,2026-01-19 19:25:00,UPI,background
TX0699,P125,P046,133644.54,2026-02-27 10:58:00,Wallet,background
TX0700,P079,P150,79463.27,2026-01-08 02:58:00,Wallet,background
TX0701,P011,P024,75000.0,2026-05-20 10:00:00,Bank Transfer,circular_pattern
TX0702,P024,P037,75000.0,2026-05-20 10:00:00,Bank Transfer,circular_pattern
TX0703,P037,P011,75000.0,2026-05-20 10:00:00,Bank Transfer,circular_pattern
TX0704,P004,P019,500000.0,2026-06-02 12:00:00,Bank Transfer,layering_pattern
TX0705,P019,P027,470000.0,2026-06-02 12:00:00,Bank Transfer,layering_pattern
TX0706,P027,P033,450000.0,2026-06-02 12:00:00,Bank Transfer,layering_pattern
